APOE3_Normal_names,APOE3_Normal_pvals,APOE3_Normal_logfoldchanges,APOE4_HighRisk_names,APOE4_HighRisk_pvals,APOE4_HighRisk_logfoldchanges
CHRM3-AS2,0.0,-0.006754538,AC090796.1,0.0,0.035436817
PCK1,0.0,-0.068362944,AC243829.2,0.0,-0.046020456
CD28,0.0,-0.045381993,RTKN2,0.0,0.09398584
FCMR,0.0,-0.04051589,TNNI2,0.0,-0.034881435
JAML,0.0,-0.027134066,TRBC2,0.0,0.055270128
TRGC1,0.0,0.008256491,ZBP1,0.0,0.037557393
LY9,0.0,-0.062702924,LINC02133,0.0,-0.0052563166
IGFBP3,0.0,-0.029248245,IL1RAPL2,0.0,-0.06786366
LINC00607,0.0,0.121731676,LINC02795,0.0,-0.05449186
AP000676.5,0.0,0.085607015,ZAP70,0.0,-0.04656235
ASGR2,0.0,-0.0145869525,AF131215.5,0.0,-0.05779576
CFB,0.0,-0.01124758,PTGDR,0.0,0.008950144
RIPK3,0.0,0.13259669,ANXA2R,0.0,0.000599469
RNF165,0.0,-0.015402901,AC006369.1,0.0,0.078952625
SULT1B1,0.0,0.0907115,IGHA1,0.0,-0.2881193
FLT3,0.0,0.054014463,AL117327.1,0.0,0.06097696
LINC01664,0.0,0.07407947,SMIM25,0.0,0.014990317
AC010896.1,0.0,0.068409786,LINC01208,0.0,-0.087140426
AC092640.1,0.0,0.11701264,ADH1B,0.0,0.12779588
GOLGA6L4,0.0,-0.06299808,LINC00326,0.0,-0.11223034
SV2C,0.0,0.018841494,EFCC1,0.0,-0.00092382217
LZTS1-AS1,0.0,0.101227224,LCK,0.0,0.0068174493
AC015631.1,0.0,0.061700862,NKILA,0.0,0.05429651
ITPRIPL1,0.0,0.17697017,PRKG2,0.0,0.045313224
CNR1,0.0,0.13813831,TESPA1,0.0,0.07990075
MACC1,0.0,0.06820177,MYOCD,0.0,0.104689926
FAM110D,0.0,0.08897757,ELMO3,0.0,0.08037943
RFLNB,0.0,0.06595212,EBF2,0.0,0.17177165
IFNG-AS1,0.0,0.12474391,AC013265.1,0.0,-0.01517845
TLL1,0.0,0.12794858,NTRK1,0.0,0.18481466
SPTBN5,0.0,0.18243904,AC093912.1,0.0,0.1178118
TBC1D10C,0.0,0.06179599,GZMB,0.0,0.19221203
SIRPD,0.0,0.18208121,AC017028.1,0.0,-0.015519786
RAB27B,0.0,0.17620459,MARCO,0.0,0.24313839
PHACTR2-AS1,0.0,0.25221008,DPP4,0.0,0.03082169
CENPF,0.0,0.23926982,DKK2,0.0,0.1513731
LINC01033,0.0,0.1400199,PTGS2,0.0,0.0899883
AC108134.3,0.0,0.19520506,IGFBP6,0.0,0.22767723
ZNF468,0.0,0.09981665,NGF,0.0,0.19395366
PKHD1L1,0.0,0.06757098,IL32,0.0,0.0029735044
FOXC2,0.0,0.1868004,LINC00954,0.0,0.06058789
SHCBP1,0.0,0.09554987,F2R,0.0,0.19330482
SLAMF7,0.0,0.26256672,AC087477.2,0.0,0.18943402
DLX6-AS1,0.0,0.20107341,AC093772.1,0.0,0.21183856
CALY,0.0,0.11526886,AQP9,0.0,0.32878926
AC116345.1,0.0,0.012883447,CD200R1,0.0,0.13449079
SCX,0.0,0.13864191,CD6,0.0,0.21140826
XXYLT1-AS2,0.0,0.331492,EDARADD,0.0,0.34367
ZNF385C,0.0,0.30726933,SHLD3,0.0,0.23457333
TRGC2,0.0,0.24395892,KLRF1,0.0,0.14147419
STON1-GTF2A1L,0.0,0.057862636,APOC4,0.0,0.20905128
AC005264.1,0.0,0.27971157,FMO3,0.0,0.18306156
TRABD2A,0.0,0.23554522,AC024230.1,0.0,0.030408299
HOXB-AS1,0.0,0.3812814,AC110809.1,0.0,0.16151056
FHL5,0.0,0.13793449,PRF1,0.0,0.3540044
LINC00243,0.0,0.1548795,C3orf67,0.0,0.021588963
AP002784.1,0.0,0.24874747,AC093817.2,0.0,0.23075885
GALNT14,0.0,-0.015021408,CATSPERB,0.0,0.24566478
USP18,0.0,0.41135743,MIR17HG,0.0,-0.09185487
SEMA3F,0.0,0.39047238,OLAH,0.0,-0.059470184
SCML4,0.0,0.08759793,TWIST1,0.0,-0.10967013
U91319.1,0.0,0.28007585,LINC02306,0.0,0.14253522
AC113386.1,0.0,0.32088077,TCIM,0.0,0.061235916
HS6ST2,0.0,0.32561722,AC005840.2,0.0,-0.051562376
SLC6A20,0.0,0.39152482,PLCXD2,0.0,0.1550411
AC105094.2,0.0,0.37271452,IGKC,0.0,0.66912395
EHMT2-AS1,0.0,0.38432702,AC073114.1,0.0,0.34950796
AL353147.1,0.0,0.32350728,BBS12,0.0,-0.10123203
AL591115.1,0.0,0.14890294,CITED2,0.0,0.00015534759
AL359555.4,0.0,0.18262304,EPHX4,0.0,0.40000013
AC104506.1,0.0,0.34253544,KLRK1,0.0,0.21577473
MAP7D2,0.0,0.47425535,LINC02008,0.0,0.02442667
AC093525.4,0.0,0.5617842,AC005224.2,0.0,0.45008716
NBPF20,0.0,0.4491121,KNL1,0.0,0.23483007
CLSPN,0.0,0.35502872,ZNF831,0.0,0.1733683
SLFN13,0.0,0.42358956,AC007879.3,0.0,0.5124609
TPBG,0.0,0.51606184,AL096794.1,0.0,-0.043338314
FGF7,0.0,0.31693152,RGPD2,0.0,0.30575812
AL355336.1,0.0,0.48649254,AC068989.1,0.0,0.39103186
MEIS3,0.0,0.49091113,VIT,0.0,0.0089373
TXLNB,0.0,0.43973285,IRGM,0.0,0.49212998
PLAC1,0.0,0.4749366,AL591501.1,0.0,0.015160719
RCAN3AS,0.0,0.6309381,ADAM8,0.0,0.34130785
ERP27,0.0,0.19855143,AC009975.1,0.0,0.2600821
AC093895.1,0.0,0.15638803,GRAP2,0.0,0.3698487
CDHR1,0.0,0.57905596,TRABD2B,0.0,0.4538834
BST1,0.0,0.28397956,VGLL3,0.0,0.62361026
AL591368.1,0.0,0.09791944,AC104248.1,0.0,0.30952078
AL357507.1,0.0,0.22866344,AC147651.4,0.0,0.5186323
WDR86,0.0,0.25270653,GBP5,0.0,0.5401217
TMEM252-DT,0.0,0.74824756,CKS2,0.0,0.2125354
LINC02055,0.0,0.34618258,NKG7,0.0,0.6012991
HOXB3,0.0,0.77992976,C8orf58,0.0,-0.14948702
BX890604.2,0.0,0.5121026,MYOZ2,0.0,0.5281085
CD3EAP,0.0,0.67049307,COL3A1,0.0,0.6248611
LINC01483,0.0,0.3771756,SLAMF6,0.0,0.42061603
ARHGAP28,0.0,0.24110027,TENT5C,0.0,0.47963938
TOR4A,0.0,0.65295625,LINC02058,0.0,0.115120456
MATK,0.0,0.7605259,AL109613.1,0.0,-0.20937616
MPND,0.0,0.38936782,AC005253.1,0.0,0.17020145
CPLX2,0.0,0.45155972,AC016766.1,0.0,0.30351445
AC008083.2,0.0,0.44321653,TNF,0.0,0.72087026
CORO2A,0.0,0.489289,SLIT3,0.0,-0.1871649
NNMT,0.0,0.17916434,GFER,0.0,0.3657871
AC087280.2,0.0,0.14202243,PYHIN1,0.0,0.7653296
ZNF215,0.0,0.7031403,AL121917.1,0.0,-0.20352356
C2orf83,0.0,0.6279582,AC078923.1,0.0,0.41156414
AC079380.1,0.0,0.72977567,CCL5,0.0,0.7744247
RPA4,0.0,0.8711779,LINC02320,0.0,0.6754043
GLT1D1,0.0,0.6440802,IL7R,0.0,0.24661322
TMEM45B,0.0,0.8316301,AC103740.1,0.0,-0.13791946
KCNB2,0.0,0.5978033,LINC02694,0.0,0.14191721
FAM162B,0.0,0.37648293,PTGIS,0.0,0.060076687
RGS4,0.0,0.6968541,LINC02343,0.0,0.2775366
AC007448.4,0.0,0.8268517,AC135893.1,0.0,0.07694338
SLC38A5,0.0,0.96122295,ZWILCH,0.0,-0.05995066
AFF2,0.0,0.66150963,GAP43,0.0,0.35730216
LINC01693,0.0,0.79344225,COL24A1,0.0,0.3561654
FAM72A,0.0,0.48956314,ANO3,0.0,0.67189085
AC114689.3,0.0,0.4366985,FBLN2,0.0,0.3749401
AC083949.1,0.0,0.2726889,GPC3,0.0,0.22764489
SCHLAP1,0.0,0.2105217,AC007877.1,0.0,1.2220558
RNF207,0.0,0.42097303,FCAR,0.0,-0.10465474
C6orf163,0.0,0.8399413,FCGR2B,0.0,0.24695309
RWDD2B,0.0,0.9558234,MT-ND6,0.0,0.7574939
SNTG2,0.0,0.5715082,NT5DC2,0.0,0.019051397
LILRB5,0.0,0.69242287,MLPH,0.0,1.0954527
RAMP2,0.0,0.38229352,GJA4,0.0,0.6622097
ADAMTS2,0.0,0.6909689,GPR4,0.0,0.02797477
AC073569.2,0.0,0.06376371,CENPK,0.0,0.6879307
TRIM46,0.0,0.9339567,CCL4,0.0,0.8932797
BEX1,0.0,0.74421316,FOSL1,0.0,-0.092938006
PERP,0.0,0.9630638,LINC01934,0.0,0.5245016
HEYL,0.0,0.38305807,PWRN1,0.0,0.316339
SAMMSON,0.0,0.30527943,MEI4,0.0,0.13088927
DOCK8-AS1,0.0,1.1802605,LRRC25,0.0,0.60669464
GLYATL2,0.0,0.9190958,MEA1,0.0,0.057420496
CACNG2,0.0,0.7440543,CR1,0.0,0.35472575
AL355838.1,0.0,0.82822895,SPON2,0.0,0.54738224
NUSAP1,0.0,0.40963727,LINC00276,0.0,0.006706772
BRIP1,0.0,0.5009064,RGS14,0.0,0.5933256
AC105345.1,0.0,0.58433473,LINC00861,0.0,0.5988442
ZNF367,0.0,0.8526379,BCL11B,0.0,0.61949074
SOX7,0.0,0.76863205,KCNK2,0.0,0.28524154
VNN2,0.0,1.229334,AL136456.1,0.0,-0.17251214
CSPG4,0.0,1.2517879,PTGER4,0.0,-0.15999766
HSPA12B,0.0,1.1923004,MPZ,0.0,0.34398994
KCNE1,0.0,-0.013217727,RABGGTA,0.0,0.5490808
ZNF185,0.0,0.376926,AC004687.1,0.0,0.6997823
CPNE4,0.0,0.3823955,AL445213.2,0.0,1.1469314
AC092155.1,0.0,0.91176635,LSP1,0.0,0.17253156
CYP19A1,0.0,0.93392366,AC106729.1,0.0,0.20472434
NELL1,0.0,0.20493673,TP63,0.0,0.93879485
LINC02315,0.0,0.60284615,FBLIM1,0.0,1.4663403
MOV10L1,0.0,0.90463823,SEPTIN4-AS1,0.0,0.31907204
PPP1R1C,0.0,0.8643889,AC119396.1,0.0,0.3886074
CRNDE,0.0,0.60507584,LINC02316,0.0,0.761208
AP001059.3,0.0,0.14179033,PTH2R,0.0,0.0589465
HAVCR1,0.0,0.44764495,SIGLEC1,0.0,1.1510861
AGAP2,0.0,0.71491987,ITK,0.0,0.9498726
ZNF524,0.0,0.6346653,LINC01876,0.0,1.466062
DEGS2,0.0,0.9290236,ITGA8,0.0,-0.103429064
NYAP2,0.0,0.92066616,TC2N,0.0,1.0916172
CD36,0.0,0.9756044,AL355916.1,0.0,0.0811944
FALEC,0.0,1.1499935,AC009313.1,0.0,1.353025
NXPH1,0.0,0.4145089,SIGMAR1,0.0,-0.07019431
SLC35F4,0.0,0.15205961,RIMKLA,0.0,0.41216284
ISM1,0.0,0.62734777,CD7,0.0,1.630787
AL390860.1,0.0,0.84513485,Z97192.3,0.0,0.9544637
SLC5A4-AS1,0.0,0.8103331,HIST1H2BH,0.0,2.1456914
AKR1C2,0.0,0.5223227,CST7,0.0,1.3567135
CFD,0.0,0.8761673,AL031595.2,0.0,1.5693794
AL033504.1,0.0,0.5145471,S100A4,0.0,0.0774261
LINC02511,0.0,0.75811243,LINC02458,0.0,0.68418795
SLA2,0.0,1.099294,PARPBP,0.0,1.3153796
LNX1,0.0,0.9766588,ISG15,0.0,1.0462226
STMN2,0.0,0.8002421,ABRACL,0.0,0.1916401
TMEM159,0.0,1.4373646,MGP,0.0,1.5470567
BIRC3,0.0,0.49646834,COL13A1,0.0,0.9569897
DACH2,0.0,0.83925647,VMO1,0.0,1.7254062
SCARF2,0.0,1.2729647,APOL1,0.0,0.8752224
KLF4,0.0,0.30610394,PPM1M,0.0,0.67380345
HIF1A-AS1,0.0,0.5655428,CCN4,0.0,1.1405373
NID2,0.0,0.78408873,AC022126.1,0.0,0.65415114
CHRNA7,0.0,0.5154957,C5orf34,0.0,0.16693872
LINC00970,0.0,0.28103638,JMJD8,0.0,0.18948007
AC024901.1,0.0,0.5738684,AC011246.1,0.0,0.8393994
PDGFD,0.0,0.7594576,HTR7,0.0,2.2237701
ANKRD30BL,0.0,0.7299452,LINC01344,0.0,-0.043305866
AC000082.1,0.0,1.4065751,TBX2,0.0,1.7610178
SYNPR,0.0,0.9760814,AL359979.1,0.0,2.4868546
RAB3C,0.0,0.89034665,MRPL28,0.0,0.5040003
AP001372.1,0.0,1.1931303,PTGIR,0.0,1.3602766
SLC22A1,0.0,0.9547162,MTX1,0.0,0.98172516
CA4,0.0,0.86024886,DUSP23,0.0,1.4435501
NRG1,0.0,0.45069802,ACADL,0.0,1.1799396
TMC4,0.0,1.1865363,TEX14,0.0,0.012439075
GEMIN7,0.0,1.1663543,FBP1,0.0,-0.033616956
TEX29,0.0,1.5355281,SORCS3,0.0,0.46026233
SCN9A,0.0,1.1425925,C1QTNF1,0.0,0.7572624
LINC02580,0.0,0.78387845,PKP2,0.0,0.66645324
Z96074.1,0.0,0.7869456,CCK,0.0,0.43093276
ASIC2,0.0,0.44866785,LILRB2,0.0,1.3043698
PCDH11X,0.0,0.6968517,KCNG2,0.0,1.6510997
NEFL,0.0,1.1528839,AC011476.3,0.0,0.19601399
MICB,0.0,0.7188294,AC092131.1,0.0,1.986361
PIK3CD-AS2,0.0,0.5792314,SLC16A6,0.0,1.3596553
RBM20,0.0,0.9688212,SFTA1P,0.0,2.3495517
PGR-AS1,0.0,1.4712288,KANSL1-AS1,0.0,0.8258532
LBH,0.0,1.1184497,PDLIM1,0.0,2.0843198
POLE3,0.0,1.209785,IGFBP2,0.0,1.8799723
AP001341.1,0.0,0.7529679,AC004817.5,0.0,2.0038145
LSR,0.0,1.212144,RRAD,0.0,1.7201594
TCERG1L,0.0,1.5238105,AC137770.1,0.0,0.23237433
AC073115.2,0.0,1.890433,AL589693.1,0.0,0.12875998
PCSK2,0.0,1.243329,PCOLCE,0.0,0.53304684
GPR157,0.0,1.4505252,LINC00924,0.0,0.88258535
NRGN,0.0,0.9625646,SNX20,0.0,1.1036482
SCN3A,0.0,1.5937402,CD96,0.0,1.3712119
ADAMTS8,0.0,1.6184105,ADGRE1,0.0,3.3311648
CPS1,0.0,0.58333105,LINC01426,0.0,3.5560782
ENC1,0.0,1.3306509,DDX41,0.0,2.282808
AL161443.1,0.0,1.280834,IL12RB2,0.0,0.8852927
SHISA9,0.0,0.55654544,FBXO6,0.0,1.1443433
CPLX1,0.0,1.545617,SMOC2,0.0,1.6315767
NEFM,0.0,1.8099898,AC132803.1,0.0,1.1308175
AL136962.1,0.0,0.19727895,WAKMAR2,0.0,0.22823265
AC015802.4,0.0,1.1729751,ABCA9-AS1,0.0,1.2558619
LTB4R,0.0,-0.14138366,EMC9,0.0,1.4290746
VSNL1,0.0,0.63862944,GRIN2B,0.0,-1.1116362
AC073332.1,0.0,0.7503047,SLAMF8,0.0,3.0440495
FENDRR,0.0,1.6285163,SLC22A3,0.0,0.048499443
FOXD1,0.0,2.0161066,DNASE1L1,0.0,0.9530651
PELO,0.0,0.15957302,SLC2A6,0.0,-0.25386393
AC100858.3,0.0,2.02609,BANK1,0.0,0.51312923
NOS3,0.0,1.6862682,AL133259.1,0.0,1.6102946
TINAGL1,0.0,1.8472793,LINC01322,0.0,-0.019179989
PCSK1N,0.0,0.3859085,SNHG26,0.0,0.4473033
LINC02576,0.0,1.023346,ACAP1,0.0,1.124328
CCN2,0.0,1.4084193,AP000240.1,0.0,3.5871954
TMEM121B,0.0,0.4692424,PCDH18,0.0,3.0343888
AC009522.1,0.0,0.6262507,SAMD3,0.0,1.0810235
PCNA,0.0,1.2556268,CCDC71L,0.0,1.2259852
KMO,0.0,1.9973296,MSC-AS1,0.0,0.76879233
OLFM3,0.0,1.8027852,AL355612.1,0.0,0.7720127
CENPB,0.0,1.182992,RMDN2-AS1,0.0,0.8467763
MFSD9,0.0,0.94063705,AC068286.2,0.0,0.31720835
AC008875.3,0.0,1.7002225,TWF2,0.0,0.80618095
LINC01250,0.0,1.2865154,CYSLTR2,0.0,0.7024679
AC018742.1,0.0,1.093985,EMILIN2,0.0,2.6772442
AC027288.3,0.0,1.5895898,KCNN4,0.0,3.4652255
PARM1,0.0,1.5295156,AL356356.1,0.0,1.58014
A1BG,0.0,-0.2026543,CASP5,0.0,3.2754502
REEP4,0.0,0.48610175,DISC1FP1,0.0,2.330855
ARMCX5,0.0,1.0337893,IFITM10,0.0,1.0200776
LAT,0.0,1.566513,HLA-DOA,0.0,1.4938838
TEX30,0.0,1.4807403,LINC02664,0.0,0.8484107
LINC00968,0.0,2.3784513,CD320,0.0,-0.35698313
FBLN5,0.0,0.6418441,BATF,0.0,3.3119256
JAZF1-AS1,0.0,2.1734123,ENPEP,0.0,2.9129987
KDR,0.0,2.1621265,C4orf45,0.0,5.9833736
GLMP,0.0,0.38215292,AC064875.1,0.0,1.9413893
CYB561,0.0,1.1984539,SLC24A1,0.0,0.94153935
AL359220.1,0.0,1.87398,IL1A,0.0,2.3918228
GPR176,0.0,1.229587,OGN,0.0,4.4953346
DTHD1,0.0,0.96855295,LINC01482,0.0,1.5056348
PKN3,0.0,1.8954985,BTN2A2,0.0,1.4528137
TMEM45A,0.0,0.35929507,TAGLN,0.0,2.6847365
SLC66A1,0.0,0.8938823,COL8A1,0.0,2.597482
MND1,0.0,1.7424701,KCNJ8,0.0,3.5970533
TMIGD2,0.0,2.6736395,IL1RL1,0.0,3.5494585
TRPC6,0.0,0.41422692,TNFRSF21,0.0,1.192338
PNPO,0.0,0.20065989,CLMP,0.0,1.2824769
BNIP1,0.0,0.6809901,SLC16A10,0.0,2.2364993
IKZF3,0.0,0.6466399,AC009226.1,0.0,-0.6732044
AC106795.3,0.0,0.8302467,CSTF2T,0.0,0.022722425
SLC25A21,0.0,1.1258323,ERVMER61-1,0.0,1.6652168
PRX,0.0,1.7723066,SKAP1,0.0,2.9170609
CLCA4-AS1,0.0,1.7749826,CD2BP2,0.0,1.5334121
FRAS1,0.0,1.365329,PLAC9,0.0,1.8552926
ADORA2A,0.0,2.1534784,SH3GL2,0.0,1.3339642
CLEC17A,0.0,2.3317091,AL158055.1,0.0,0.25314003
PGR,0.0,1.8296833,AC002546.1,0.0,3.1549017
CNGA1,0.0,2.2020383,OMD,0.0,3.203087
TSPAN32,0.0,2.4106314,CALHM6,0.0,6.453611
BICDL1,0.0,1.2490528,AC010978.1,0.0,6.92101
PPP1R14C,0.0,2.3283527,AC007780.1,0.0,2.349076
AC080132.1,0.0,1.8421799,SLC6A17,0.0,4.5327287
SLC16A12,0.0,0.7877941,SF3B5,0.0,2.1415417
HECW1,0.0,0.96434623,AP000943.2,0.0,0.21719441
AC016152.1,0.0,2.2137306,RUNX3,0.0,0.6408839
ZMYND15,0.0,2.1399539,COL6A3,0.0,4.969574
ANKRD44-IT1,0.0,2.1936443,ITGA4,0.0,3.541957
PTPRT,0.0,1.2129949,EIF3G,0.0,1.6328732
ALDH16A1,0.0,0.37620327,TUSC2,0.0,1.9252049
LGALSL-DT,0.0,1.47625,CXCR4,0.0,2.7255673
SRARP,0.0,1.5836028,ASPN,0.0,3.5496297
IGF2BP2,0.0,1.3611058,GNG4,0.0,1.2071509
GABRG3,0.0,1.7802693,NFKB2,0.0,1.7095927
ARHGAP11B,0.0,1.2914094,DNAH14,0.0,3.0651336
AL136441.1,0.0,1.301432,ASS1,0.0,2.039412
PLSCR2,0.0,1.3952223,GLRX5,0.0,1.6986028
AC010186.3,0.0,2.1030798,AC109492.1,0.0,4.6750913
CCDC36,0.0,1.8020619,PSENEN,0.0,2.5205579
SOX18,0.0,1.867248,FILIP1,0.0,0.5987582
KCNH7,0.0,1.6028934,CSF2RB,0.0,7.5727577
CCDC9B,0.0,1.166276,PBX4,0.0,-0.13349532
SLC25A25-AS1,0.0,1.6691493,AL138756.1,0.0,3.455842
CDH18,0.0,1.2553779,AC079298.3,0.0,0.016583437
KCNC2,0.0,2.0535085,DNAH6,0.0,1.2952144
AP001636.3,0.0,0.43749684,AC010149.1,0.0,
ITGBL1,0.0,1.5829266,AL162493.1,0.0,5.214942
AFAP1L1,0.0,1.9992468,TMUB1,0.0,2.078735
LRRC32,0.0,0.12472418,THSD7B,0.0,3.3440976
TNFRSF19,0.0,0.7257255,PDGFRA,0.0,4.9446177
AC104041.1,0.0,0.832665,ARL4C,0.0,0.62919015
AC124854.1,0.0,0.9379337,AC002074.1,0.0,4.09384
STAC3,0.0,0.001082619,ADAMTS12,0.0,2.0265865
ADCY1,0.0,0.2948716,TIMM8B,0.0,1.0212289
EYA4,0.0,1.3882387,ESRRB,0.0,2.6873317
TSPAN18,0.0,1.7728368,SDF2L1,0.0,4.3881283
AC084816.1,0.0,1.540245,LINC02389,0.0,1.7646803
PROM1,0.0,1.4501022,SERPINE1,0.0,0.9581236
TEX41,0.0,0.25655475,IGFBP4,0.0,6.204048
ACVRL1,0.0,2.2527454,TPTE2,0.0,0.656387
AC022784.1,0.0,0.7564,DUSP5,0.0,5.533193
AC012360.3,0.0,0.10636704,RSAD2,0.0,2.6807127
PSMC3,0.0,0.4517071,JPT1,0.0,3.3775077
TMEM132D,0.0,1.5950184,LTBP2,0.0,1.8458626
NMNAT2,0.0,2.1779494,COL12A1,0.0,2.071467
LINC01191,0.0,1.965757,SATB1-AS1,0.0,0.67058444
ST8SIA6-AS1,0.0,2.022959,AC007402.1,0.0,2.6882834
HMCN1,0.0,2.3032148,APRT,0.0,4.878769
JAG2,0.0,0.23676318,COL15A1,0.0,5.3189297
R3HDM4,0.0,0.14205916,TUSC3,0.0,0.3986914
GLRA2,0.0,2.299994,CARMN,0.0,0.91640794
AC097528.1,0.0,0.84739256,CRYBG1,0.0,1.3200262
STK26,0.0,1.7215946,SLC35F2,0.0,6.460139
RAMP3,0.0,1.3554945,NRL,0.0,1.3599602
AL356108.1,0.0,1.6875557,OAS3,0.0,4.7128825
AC104530.1,0.0,0.7433635,FMO2,0.0,1.9868932
HFE,0.0,0.97266555,NR4A1,0.0,1.0640848
NOX4,0.0,2.2839303,FPR3,0.0,5.26137
FFAR4,0.0,2.79049,C5orf17,0.0,3.2072036
LINC01151,0.0,2.9498606,AXIN2,0.0,-0.7226636
NTN4,0.0,0.074215785,AC007563.2,0.0,1.9681773
MYOCOS,0.0,2.0450406,CNTN5,0.0,0.46145552
LINC01356,0.0,2.4048827,HYOU1,0.0,2.2331204
CHRM3,0.0,2.2092953,BRCA2,0.0,2.4395685
DAXX,0.0,1.1408787,FHAD1,0.0,4.6365995
RGS7BP,0.0,1.8411275,COL6A2,0.0,4.7290816
DEPDC1B,0.0,2.9375148,AC019130.1,0.0,2.4882193
LRFN5,0.0,0.7877091,NME4,0.0,1.2397584
CCDC61,0.0,1.3487056,STAT4,0.0,5.834243
PRDM8,0.0,2.910404,IGFBP5,0.0,2.1012325
CAV1,0.0,2.5609808,BX284613.2,0.0,2.549115
LINC01197,0.0,2.581511,IFI27,0.0,3.467093
RINL,0.0,2.5113945,FHL2,0.0,6.458771
AP002807.1,0.0,0.3451554,MYD88,0.0,5.4834595
AKR1C1,0.0,1.5778534,AC011287.1,0.0,3.0158
CELF4,0.0,1.513687,CLSTN2,0.0,-0.516059
PRR11,0.0,2.0570967,PRICKLE1,0.0,
LINGO2,0.0,1.9001249,FAP,0.0,1.324901
NCMAP,0.0,0.9764341,COL25A1,0.0,2.445481
ALOX15B,0.0,1.2705534,FGF13,0.0,-1.5235901
MEG8,0.0,0.7780427,MMP14,0.0,3.0947702
SAMD5,0.0,1.5823128,DENND2D,0.0,5.2652698
ADGRA2,0.0,2.8246894,RASGRP1,0.0,0.7301706
GABRR2,0.0,2.4452178,IL18R1,0.0,4.6541705
SPAAR,0.0,3.543201,AL096854.1,0.0,4.171868
NES,0.0,2.6330595,S1PR3,0.0,3.5358608
HYAL2,0.0,-0.033442173,AC013652.1,0.0,3.1567433
OVCH1-AS1,0.0,2.0882132,TAGLN2,0.0,8.422768
SLC4A10,0.0,3.379082,MYO16,0.0,1.6459903
VWC2,0.0,2.661927,ECM2,0.0,6.205205
SCN1A,0.0,-0.25162184,LINC01001,0.0,11.642061
LZTS1,0.0,0.38970527,RAB38,0.0,8.012272
SYN2,0.0,2.6043594,NOP10,0.0,4.2811356
PROX1-AS1,0.0,2.8072948,C7,0.0,6.742275
HIGD1C,0.0,-0.09793156,MMP16,0.0,-3.1305304
BMF,0.0,2.3532476,AL359546.1,0.0,1.1378684
KLF11,0.0,2.6026375,HIST1H1C,0.0,4.059392
ABO,0.0,3.6208067,ADAMTS6,0.0,1.9954847
FOXC1,0.0,0.52328575,GGT5,0.0,3.7958117
PLA2R1,0.0,1.4618533,AC018618.1,0.0,2.63757
HCG11,0.0,2.7990236,AC139720.1,0.0,2.7937217
SCN2A,0.0,3.9854715,NOTCH3,0.0,-1.0379286
TDRD10,0.0,2.6621792,PKD1L1,0.0,1.9572567
GATA2-AS1,0.0,3.71524,LINC02100,0.0,2.8581188
LINC02542,0.0,0.38833848,SLC25A30,0.0,1.0630052
PTPN22,0.0,1.9720471,TNFRSF10C,0.0,5.0628314
TMEM44,0.0,2.7140949,SSTR2,0.0,0.55347884
CLDN7,0.0,3.18232,C1RL-AS1,0.0,4.2236404
PRPS2,0.0,-1.1132821,TBX15,0.0,
AC020703.1,0.0,0.15740044,C12orf57,0.0,1.924274
CAVIN2,0.0,2.655654,RAP2B,0.0,
GRM5,0.0,2.3813677,DOK6,0.0,3.2046242
LINC02591,0.0,2.417161,ADAMTSL4,0.0,
LINC02641,0.0,2.5155048,COX14,0.0,6.5943074
BTN3A3,0.0,1.3536764,BTBD19,0.0,
TXK,0.0,0.995918,LINC00884,0.0,6.8125362
TPM2,0.0,1.9281168,CCDC88C,0.0,0.7317454
XKR4,0.0,1.6793654,HMGN4,0.0,2.8935063
NOA1,0.0,0.9943134,MCTP2,0.0,
ALPL,0.0,2.347567,SELL,0.0,7.2905726
CDH5,0.0,3.2376237,AL109930.1,0.0,2.7896304
ST8SIA5,0.0,2.2670398,COL5A2,0.0,1.4611077
ARMC7,0.0,3.2064178,GALNT3,0.0,3.34765
SLFN12L,0.0,0.09001819,FANCM,0.0,
CLVS1,0.0,2.506343,PSME1,0.0,
AC087273.2,0.0,2.8617501,SUSD4,0.0,2.2614517
ADCY4,0.0,3.246891,COL4A4,0.0,3.314929e-07
TIE1,0.0,3.7932606,PSMB10,0.0,4.749041
AP001037.1,0.0,3.3956406,GSDMD,0.0,2.1406098e-08
RASIP1,0.0,3.9728148,C11orf24,0.0,
ISYNA1,0.0,1.7764282,AC090578.1,0.0,1.3650675
THEMIS,0.0,0.60879785,SULF2,0.0,5.721283
IFIT1,0.0,1.6196764,AL035446.2,0.0,6.359004
AP001924.1,0.0,2.6476855,NOD2,0.0,7.564648
PPM1N,0.0,3.322811,ANAPC11,0.0,2.499798
LINC02172,0.0,3.6407833,NDUFA4L2,0.0,
IL27RA,0.0,3.8509946,NSMCE3,0.0,
A1BG-AS1,0.0,1.0237434,GPATCH4,0.0,4.352655
LMCD1,0.0,1.6277778,PDCD1LG2,0.0,
FBXO41,0.0,0.21181473,RDH10,0.0,5.6049805
TACC3,0.0,1.0325549,NELL2,0.0,2.6902924
PARP15,0.0,1.9641535,SLC9A7,0.0,0.93896383
AC110995.1,0.0,2.3434675,PRXL2C,0.0,1.5502977
KIRREL1,0.0,0.77217263,H1FX,0.0,-0.18079263
ALDH3B1,0.0,1.1523286,RGS2,0.0,
AC015845.2,0.0,4.238449,AL390957.1,0.0,
ELK1,0.0,1.6694871,CHRM5,0.0,3.1021807
BAIAP2L1,0.0,2.1999676,ANXA2,0.0,1.3839993e-06
MTRNR2L10,0.0,2.9630587,GABRE,0.0,
CCDC124,0.0,-1.2898867,TUBB4B,0.0,
TTC26,0.0,1.005104,FES,0.0,
LINC02627,0.0,1.4402947,C19orf53,0.0,7.825028
SHE,0.0,2.603634,NUP37,0.0,
TM4SF1,0.0,1.8152848,UBL5,0.0,4.0734224
AL390066.1,0.0,4.3853283,NDUFAB1,0.0,0.79879916
IGF1,0.0,4.4303017,FRMPD4,0.0,-2.8325758e-06
AL627316.1,0.0,1.4918736,PPIF,0.0,5.7502284
SERPINB9P1,0.0,4.1144495,ACSL5,0.0,-3.0888947e-07
PLCB3,0.0,3.7015944,NOP2,0.0,5.5399903e-07
ATP2A3,0.0,3.4727159,AC100849.1,0.0,3.4638367
DUSP27,0.0,4.39381,ATP6V1F,0.0,
LHFPL3,0.0,3.4463663,AC021594.2,0.0,
LINC02208,0.0,3.3151727,NCF4,0.0,
MAP3K21,0.0,4.299403,CALCB,0.0,-2.3272972
EDN1,0.0,2.7710168,SLC17A9,0.0,
STX11,0.0,1.2669778,RELB,0.0,
PLVAP,0.0,2.2802064,HERC6,0.0,0.62376523
PLEKHG5,0.0,1.9719303,HMGB2,0.0,
ABCB4,0.0,2.0086303,PGGHG,0.0,5.40453
AL157911.1,0.0,0.14939551,TUBB6,0.0,
C8orf34,0.0,1.8539418,MYO1B,0.0,6.39125e-08
GNLY,0.0,1.37859,SEMA6B,0.0,
TMC3-AS1,0.0,3.1339922,CTNNAL1,0.0,-2.6386347
BISPR,0.0,3.1979795,LINC00378,0.0,7.3140874
ITPR3,0.0,3.229939,IRS1,0.0,3.3830895
UCHL1,0.0,2.6239889,H1F0,0.0,1.2038394
AP001059.2,0.0,2.7799373,KITLG,0.0,
TM4SF18,0.0,4.3192773,PHLDA1,0.0,
IL20RB,0.0,3.9801962,OSCAR,0.0,
TNR,0.0,2.2484584,TIFA,0.0,
HIST1H4C,0.0,3.3492336,TRAF5,0.0,-1.0661895e-06
GABRB2,0.0,3.389009,STEAP4,0.0,6.595077
OSBPL10,0.0,1.198785,AURKAIP1,0.0,1.9575453
MAP3K7CL,0.0,2.8826232,ZNF385D,0.0,
OTUD1,0.0,2.3337443,COL4A3,0.0,-3.351107e-06
SAMD13,0.0,3.5011308,ROR2,0.0,
STARD8,0.0,-0.45934257,MAFF,0.0,
DDX54,0.0,0.87132156,SRPX2,0.0,4.132113
AC012409.2,0.0,0.5541327,ABCA10,0.0,
AMPH,0.0,0.12818085,CYP1B1,0.0,
HCN1,0.0,3.0870314,AL590807.1,0.0,4.135673
ABCC3,0.0,3.5880451,EDNRA,0.0,
JCAD,0.0,2.4618328,HLA-DQB1,0.0,-3.513699e-07
AD000090.1,0.0,3.9698474,SYN3,0.0,0.36723194
GPR158,0.0,1.4010736,FGR,0.0,1.3212752e-06
HHEX,0.0,2.0172064,TESC,0.0,0.42727226
CNTN3,0.0,4.242533,TNFAIP3,0.0,
KIAA1324,0.0,3.146904,JAG1,0.0,
LAMC3,0.0,2.3636148,GCH1,0.0,
CPXM2,0.0,2.3636239,NR4A3,0.0,6.913994
RUVBL2,0.0,1.0160602,LILRB3,0.0,
ITGA11,0.0,3.8413787,THBS1,0.0,
LIMS2,0.0,4.7682157,S100A10,0.0,4.6938295
NBEAL2,0.0,0.7304489,TOMM40,0.0,3.3475233e-06
AC004889.1,0.0,-0.21777855,SNRPD2,0.0,3.970828
AC099489.1,0.0,0.41254666,SAP18,0.0,
IFIT2,0.0,0.714188,SLC39A8,0.0,-1.0934458
PAK3,0.0,2.0056832,LINC02611,0.0,8.6193705e-07
AC007681.1,0.0,3.452107,AUXG01000058.1,0.0,
CCDC134,0.0,0.05613481,CSNK2B,0.0,3.7519393e-07
CCDC73,0.0,2.7221305,LINC01500,0.0,
AC027097.1,0.0,0.97984385,MPP1,0.0,
ICAM2,0.0,3.0719595,PPP4C,0.0,-3.8790853e-07
TBCE-1,0.0,0.33695468,BLVRB,0.0,
NAGPA,0.0,2.0559604,CD83,0.0,6.0701613
MAP4K1,0.0,2.7853782,SGCZ,0.0,0.3490579
SYT16,0.0,3.691038,FAM189A1,0.0,4.9153457
SIDT1,0.0,2.168352,INAFM2,0.0,
AP001042.1,0.0,4.644386,HSPA6,0.0,5.6260576
CNTNAP5,0.0,6.072628,MS4A4E,0.0,
TCF7,0.0,-0.12769051,CALCRL,0.0,-2.3461615e-07
MYT1L,0.0,4.9730077,LINC01605,0.0,
COL1A2,0.0,-1.2146258,ADAT2,0.0,
TRPC3,0.0,-0.78665686,CYTOR,0.0,4.8391466
HIGD1B,0.0,3.7666962,RBBP8,0.0,2.8236028e-07
ADGRG5,0.0,1.9859265,SIGLEC5,0.0,
AC113383.1,0.0,5.1523256,PRDX4,0.0,
CHODL,0.0,7.455952,EPHA1-AS1,0.0,8.518004
PCAT19,0.0,4.2895684,TENT5A,0.0,-1.5032784e-06
PKIB,0.0,1.5003903,PXDN,0.0,7.889628
CDH6,0.0,2.6368833,CRIP2,0.0,0.4900568
AL356417.3,0.0,3.6913922,PTPN7,0.0,
PTPN6,0.0,-1.1233779,COL23A1,0.0,
AIFM2,0.0,1.6123645,OST4,0.0,
ZNF93,0.0,4.514845,ANXA1,0.0,
GRASP,0.0,-1.4508408,LINC01515,0.0,2.6722884e-07
TRIM11,0.0,2.8993273,IER3,0.0,
RBM15-AS1,0.0,2.95114,RPL22L1,0.0,
P2RY11,0.0,2.9490564,MRPS34,0.0,
LINC02812,0.0,4.3835835,AL606923.2,0.0,
GAS2L3,0.0,0.8836173,CCDC85B,0.0,
SERPINF2,0.0,5.6023235,IL15RA,0.0,1.035362e-06
AC079193.2,0.0,3.9664924,AL139351.3,0.0,
RALYL,0.0,2.3826852,VAMP8,0.0,
CD180,0.0,5.2048674,PRR16,0.0,
AC005699.1,0.0,3.798567,AC073529.1,0.0,3.7920407e-07
MOXD1,0.0,3.5964434,TFPI,0.0,1.5862476e-07
AC008083.3,0.0,3.1151733,RPL36AL,0.0,-1.6353592e-07
AL022311.1,0.0,-0.12415372,LINC00836,0.0,
NT5DC3,0.0,2.4495,SLC30A10,0.0,
SLC44A5,0.0,2.1001449,LINC00907,0.0,
DHX37,0.0,-0.5737151,HIST1H1D,0.0,
RTN4RL1,0.0,6.806053,SSR4,0.0,
GALNTL6,0.0,3.5042932,DOK3,0.0,-7.0469378e-06
PALMD,0.0,5.0472918,TMC1,0.0,-2.1340346
TAGAP,0.0,1.5186113,LAMB1,0.0,
HSPG2,0.0,3.4932172,TMEM268,0.0,
CLIC5,0.0,3.150883,SLCO4A1,0.0,3.1247e-06
FGD5,0.0,4.511402,SLC36A1,0.0,2.8257452e-06
DDX49,0.0,1.1566236,PKN2-AS1,0.0,4.496914
CDKN2AIP,0.0,3.5467658,CRISPLD2,0.0,
CIT,0.0,3.7562582,PAPSS2,0.0,8.9328165e-07
CYYR1,0.0,7.31955,SNU13,0.0,-1.5221497e-07
AL592429.2,0.0,4.3262434,AC009950.1,0.0,-2.5844674e-06
MFSD2A,0.0,1.8165183,FBLN1,0.0,
VEGFC,0.0,0.67142874,TGFBI,0.0,-8.2098455e-07
RANBP17,0.0,2.2141979,AC007319.1,0.0,6.0029686e-07
ANKRD7,0.0,2.920843,TEC,0.0,-8.418125e-07
LINC01010,0.0,5.4117103,IL21R,0.0,
THOC3,0.0,2.3483424,PLIN2,0.0,-0.4052633
HS3ST1,0.0,2.9632924,CLIC1,0.0,
MCF2,0.0,0.52346325,AC243960.1,0.0,
ATP8A2,0.0,4.800779,DAB2,0.0,9.470587e-08
AC024084.1,0.0,6.260906,ALDH1A2,0.0,
P2RX1,0.0,2.309497,NTNG1,0.0,-3.6221536e-07
PMFBP1,0.0,4.542162,RRP15,0.0,1.2567474e-06
ZSCAN31,0.0,2.2355072,NETO2,0.0,-1.959272e-06
SVBP,0.0,1.4496372,CD40,0.0,
AP1S3,0.0,2.2176077,BLOC1S1,0.0,-0.69376683
TENM1,0.0,2.6903942,RGS5,0.0,1.5391873e-06
GRIA1,0.0,5.009427,ATAD2,0.0,-1.7192937e-06
TRG-AS1,0.0,4.61225,GRIK2,0.0,
PSTPIP1,0.0,5.7275925,CDCP1,0.0,
GJC1,0.0,,CYTIP,0.0,-1.2457173e-07
ARRDC5,0.0,3.6254792,PDIA5,0.0,-1.2119e-06
HCG27,0.0,2.2711425,TREM2,0.0,1.6037797e-06
AFAP1L2,0.0,5.7944493,AL359232.1,0.0,
P2RY8,0.0,5.3897576,ALDH1L2,0.0,
NHSL2,0.0,1.1738266,RASSF5,0.0,-2.0282291e-06
AF064858.1,0.0,2.7242744,RHOH,0.0,-1.8669427e-06
TBX3,0.0,,LEKR1,0.0,3.166199
WIZ,0.0,0.69269395,LINC01268,0.0,-1.3610968e-06
CXCL12,0.0,2.6140835,P4HA3,0.0,
RASGRP2,0.0,3.3870618,AC244131.2,0.0,
C12orf42,0.0,5.6862082,TAF4B,0.0,1.6919801
SNTG1,0.0,9.465621,MBOAT7,0.0,-6.4838736e-07
NOSTRIN,0.0,4.30388,DCBLD1,0.0,
OBSCN,0.0,4.887472,AC083862.3,0.0,
AC005165.1,0.0,,AC092957.1,0.0,9.406302e-08
TWIST2,0.0,4.863192,COX6B1,0.0,
DNAAF2,0.0,3.4475226,NCF2,0.0,-5.060166e-07
MYBL1,0.0,3.3559442,SYNPO2,0.0,5.1448956e-09
FAM136A,0.0,-0.23650102,FRRS1,0.0,
GALNT17,0.0,7.302674,MMP24,0.0,5.879718e-06
ABCA7,0.0,3.5627747,PRDX2,0.0,
PLAT,0.0,3.165171,LINC01237,0.0,-1.3659588e-06
ZNF366,0.0,4.618026,RPS17,0.0,
TNFRSF14,0.0,1.4456774,MYO7A,0.0,8.896817e-07
PLCXD3,0.0,,HERC5,0.0,-4.9745756e-07
LINC01762,0.0,3.8902717,GADD45G,0.0,4.8308215
MEG3,0.0,8.542755,NAA10,0.0,1.238467e-06
ARHGEF28,0.0,4.863374,ANTXR2,0.0,-1.679549e-06
SLC38A11,0.0,,EIF4EBP1,0.0,
SESN2,0.0,0.009358575,LINC01146,0.0,
NR2F2,0.0,,CFH,0.0,
NET1,0.0,3.7748322,XYLB,0.0,-2.2520421e-06
HAUS1,0.0,3.3059947,HES4,0.0,
ITGB2-AS1,0.0,-1.8167604,MYO1G,0.0,
AC087627.1,0.0,2.1448855,CEACAM21,0.0,
DPEP2,0.0,7.067186,PPP1R14B,0.0,
GPR132,0.0,-0.19215736,AC009318.1,0.0,
GPAT3,0.0,,RND3,0.0,
AC022893.1,0.0,3.4356263,EFHD2,0.0,1.5843251e-06
ADAM33,0.0,3.013482,CA3,0.0,4.4163046
CYP1B1-AS1,0.0,1.3909888,F13A1,0.0,
GIMAP7,0.0,3.575819,MICAL2,0.0,-3.4698752e-07
PLS1,0.0,6.097388,AL079338.1,0.0,
AP1G2,0.0,5.130338,CCN1,0.0,
COL8A2,0.0,,RABAC1,0.0,-2.1725036e-06
RNASEH2B-AS1,0.0,-3.2872682,TRPC4,0.0,
CPA6,0.0,7.101921,PLXNC1,0.0,-1.9463505e-06
ANKRD33B,0.0,2.8079774,RPS21,0.0,-1.6598209e-06
ZNF616,0.0,1.4436344,MAFB,0.0,-1.3294311e-06
PRELP,0.0,8.965731,RRAS2,0.0,2.8545742e-08
LINC01933,0.0,6.4764977,ADAMTS1,0.0,
SMC2,0.0,0.72989887,ESR1,0.0,-7.148787e-07
EDC4,0.0,1.6127948,MX2,0.0,
CDKN2A,0.0,6.026036,RPL39,0.0,1.2591552e-06
CALM3,0.0,-1.1690487,DCN,0.0,-6.180481e-07
TRHDE,0.0,7.079347,LINC00571,0.0,3.7668988e-06
AC021851.2,0.0,3.7573812,SBDS,0.0,-5.900557e-07
ITM2A,0.0,5.455769,NOC3L,0.0,1.4422652e-06
KCNQ5,0.0,,AL359644.1,0.0,3.9774656
MTUS2,0.0,5.3385677,GFPT2,0.0,1.2527756e-06
HIST1H4H,0.0,7.1260715,HIST1H1E,0.0,
AC114757.1,0.0,7.77966,EZH2,0.0,
AC061958.1,0.0,4.444997,KLHL13,0.0,
AC007881.2,0.0,,SH2D4A,0.0,
FSTL5,0.0,3.9601479,ATF3,0.0,
KIAA1217,0.0,1.4777013,TIMP1,0.0,
NOTCH4,0.0,,SULF1,0.0,7.7319965
LPL,0.0,2.1780605,HMOX1,0.0,
PHLDB2,0.0,,RPL36,0.0,1.2740308e-06
TEK,0.0,,STXBP5L,0.0,1.9830232e-07
TNXB,0.0,2.4904976,GPR160,0.0,-5.210492e-07
TAF1A,0.0,-3.1858883,PCAT1,0.0,2.7646595e-06
AL929091.1,0.0,,H2AFZ,0.0,-2.9896188e-07
TGM2,0.0,,MR1,0.0,6.2477955e-07
Z94721.1,0.0,7.2406697,AC104365.1,0.0,
AC019197.1,0.0,2.2538273,ABI3BP,0.0,-1.9539352e-06
TCIRG1,0.0,3.0346506,FGF14,0.0,
DUSP6,0.0,4.41428,RAP2C-AS1,0.0,-2.3843388e-08
LINC00649,0.0,5.326761,C5AR1,0.0,
ELAVL4,0.0,,ECT2,0.0,5.8529384e-08
ADGRL4,0.0,,EMP2,0.0,-2.0721923e-06
HEBP1,0.0,-0.028385436,MRPL20,0.0,4.9379987e-06
SEZ6L,0.0,4.61284,PTGR1,0.0,-7.787028e-07
TRIM34,0.0,,DEC1,0.0,
LINC01725,0.0,4.085877,TTC39C,0.0,
ATG4A,0.0,3.8924763,TRIM36,0.0,1.3019853e-06
TNFRSF10A,0.0,,MLKL,0.0,-9.311733e-07
AC106793.1,0.0,-0.54207206,CH25H,0.0,
RAB11FIP1,0.0,,MDFIC,0.0,
FGF20,0.0,7.862068,PNKP,0.0,1.9968943e-06
KCNAB2,0.0,-7.888856,IL1B,0.0,
TES,0.0,,HNRNPAB,0.0,2.303375e-06
MRFAP1L1,0.0,0.8678178,ALDH18A1,0.0,4.684979e-07
CD247,0.0,2.0512533,AL139807.1,0.0,2.2921315e-06
MAGEC3,0.0,,MCUB,0.0,1.9680624e-06
PDIA4,0.0,-2.3053231,PPP1R3B,0.0,
ATP7A,0.0,,OSTC,0.0,2.6480325e-07
NRAD1,0.0,9.643794,NECTIN2,0.0,-7.900352e-07
HLF,0.0,3.3616168,FAM20A,0.0,
SLC6A13,0.0,,ARHGAP20,0.0,2.2612978e-06
AC008591.1,0.0,,PRDM1,0.0,1.5495948e-06
AL590764.1,0.0,,RPL27,0.0,1.8855161e-06
AC022182.1,0.0,,TAFA2,0.0,-2.1967746e-06
TMEM154,0.0,,UBA52,0.0,1.3110341e-06
TBX18,0.0,,APEX1,0.0,
RUNDC3B,0.0,,RECQL,0.0,-5.009692e-07
PDE1B,0.0,,TDRP,0.0,1.8198799e-06
TNFSF8,0.0,,SNAPC1,0.0,
MAP3K9,0.0,6.0204444,EBI3,0.0,2.0966449e-07
COL5A1,0.0,6.111618,SYAP1,0.0,-5.7508373e-07
FGF12,0.0,,ANGPT2,0.0,
CD34,0.0,8.394093,PPP1R15A,0.0,
FXYD6,0.0,3.5273428,RNF175,0.0,-9.1483247e-07
LRP5L,0.0,0.25651294,NEDD8,0.0,-9.0564816e-07
BTNL9,0.0,,PIRT,0.0,
LYAR,0.0,1.13405,IFI30,0.0,
TMEM185A,0.0,0.36481008,LIN7A,0.0,3.1938077e-06
EPHA3,0.0,1.9644879,MCTP1,0.0,1.6980022e-06
AC016074.2,0.0,5.766176,ACVR1B,0.0,4.1849617e-06
EMCN,0.0,,MX1,0.0,-1.4206752e-06
MBOAT1,0.0,,DEPP1,0.0,
AC046195.1,0.0,1.6823555,ZNF804B,0.0,-3.1513289e-06
CMTM8,0.0,,WDR25,0.0,-1.1710812e-06
NAA38,0.0,,LINC01619,0.0,-1.3910803e-06
PLAC8,0.0,,SNX10,0.0,4.2331993e-07
KCNN2,0.0,7.0775046,AC018816.1,0.0,-9.927921e-07
AC022509.2,0.0,,WARS2,0.0,2.261645e-06
SLC7A8,0.0,6.196783,ATP5MD,0.0,-2.8307372e-06
MEST,0.0,2.5899162,TRIM5,0.0,-9.061169e-07
TNFRSF11A,0.0,4.315907,IRF7,0.0,
FHOD1,0.0,,TMA7,0.0,-6.0227517e-06
LINC02381,0.0,2.2823007,LAMC1,0.0,-3.1613556e-07
GUCY1B1,0.0,,CD226,0.0,-4.1186587e-07
RIPOR3,0.0,5.764654,ID3,0.0,-4.5332163e-07
REXO4,0.0,1.9438114,ALG14,0.0,-4.19149e-07
ANKDD1B,0.0,,MNDA,0.0,-1.0095897e-06
PLXDC1,0.0,,EPHA7,0.0,
RFPL1S,0.0,,DDX31,0.0,-9.053702e-07
MET,0.0,,SUSD1,0.0,1.8240432e-06
CCNT2-AS1,0.0,,RNF217-AS1,0.0,9.5561425e-08
AL137186.2,0.0,,LINC02432,0.0,3.0335611e-06
RIMS2,0.0,6.6478906,ARHGAP4,0.0,-6.5768563e-07
CLDN5,0.0,,CERNA2,0.0,
SGPP2,0.0,,KIAA1549L,0.0,
ARL11,0.0,,NUDT4,0.0,
AC002070.1,0.0,,MIR4435-2HG,0.0,7.3847445e-08
PAQR5,0.0,7.311236,TSHZ3,0.0,7.132758e-07
HSD11B1,0.0,,CCDC85A,0.0,-1.4618051e-06
ZNF670,0.0,,CP,0.0,
DLGAP2,0.0,6.309592,URB1,0.0,5.494189e-07
KANK3,0.0,-0.95968837,DCAF1,0.0,2.43509e-07
ZNF202,0.0,3.9700284,ZUP1,0.0,-5.859641e-07
TMEM71,0.0,,RPL7,0.0,-7.474384e-07
CLEC19A,0.0,,UFL1-AS1,0.0,-2.0930867e-07
ABCG2,0.0,,EPHA5,0.0,
BTN3A2,0.0,,KCNT2,0.0,-2.350238e-06
SORCS1,0.0,3.5037367,KCNE4,0.0,
PLXNA4,0.0,,ERI1,0.0,-2.1403791e-07
BTBD11,0.0,,CALR,0.0,1.8162261e-06
WNT5B,0.0,3.2317054,GPR183,0.0,
NCALD,0.0,5.9737906,AIF1,0.0,
ADGRF5,0.0,,ABHD5,0.0,6.321818e-07
LINC02147,0.0,,RERG,0.0,-2.4055998e-07
OPCML,0.0,5.2587695,ZNF10,0.0,4.2232605e-07
EGFL7,0.0,,CEBPZ,0.0,-8.048437e-08
ZC3H12B,0.0,,AMOTL1,0.0,4.691135e-07
AC087672.2,0.0,4.3696332e-07,GRM7,0.0,-7.25996e-07
UTP4,0.0,,AC090579.1,0.0,9.315531e-07
BMP6,0.0,,IL1R1,0.0,
TFCP2L1,0.0,,FLVCR2,0.0,-3.1166644e-06
ADAMTS19,0.0,,HOMER1,0.0,-1.2725704e-06
SNRPN,0.0,0.8137523,SP140,0.0,-9.824337e-07
ELF4,0.0,,ANGPT1,0.0,-5.178801e-07
KNTC1,0.0,2.1843576,SLC7A1,0.0,6.815637e-08
ANXA3,0.0,,CD163L1,0.0,5.64817e-07
RCC1,0.0,,MVP,0.0,-3.3938043e-06
LINC01122,0.0,,HLA-DPA1,0.0,-9.56838e-07
SASH3,0.0,1.2646083e-06,GHR,0.0,
RIOK2,0.0,0.85237545,GEM,0.0,
KIAA1549,0.0,,PPP1R3C,0.0,
ZNF385B,0.0,,SLC8A1-AS1,0.0,3.5287724e-06
PRRG4,0.0,,COL4A1,0.0,
LIPG,0.0,,AC104574.2,0.0,7.972108e-07
ZNF136,0.0,1.448259e-06,HRH1,0.0,2.482903e-07
RCN3,0.0,,RBKS,0.0,1.9349486e-06
ALPK3,0.0,3.70819,THEMIS2,0.0,-2.436347e-07
AC025164.1,0.0,,SMAD9,0.0,8.997995e-07
ARHGAP44,0.0,,S100A11,0.0,1.0940659e-06
KSR2,0.0,4.526121,C22orf34,0.0,1.134564e-06
ITGAE,0.0,6.7671256,OLR1,0.0,-1.1172742e-06
SLC1A1,0.0,,SNHG12,0.0,
ADA2,0.0,4.2800474,FRY,0.0,-7.530688e-07
AC013287.1,0.0,4.7331405,GBP2,0.0,
HS6ST3,0.0,1.2089474,BACE2,0.0,-3.1705127e-07
SLFN5,0.0,0.27264374,PFN1,0.0,-1.7715415e-06
PATL2,0.0,8.015032,NHS,0.0,2.6906955e-06
AC002480.2,0.0,,CCDC102B,0.0,-8.218657e-07
ERG,0.0,,CD69,0.0,
NFAM1,0.0,,SYNE2,0.0,-1.6207531e-06
AC097662.1,0.0,0.877468,RPL35,0.0,-7.6505455e-07
RAB32,0.0,,TPRG1,0.0,-1.2968907e-06
PTER,0.0,,SVIL,0.0,5.743953e-07
NCBP2,0.0,2.7754572e-07,SLC38A1,0.0,2.2974538e-07
TNFAIP2,0.0,-2.5158272e-07,RPS4X,0.0,2.7358242e-06
ADGRG6,0.0,,GPC6,0.0,-2.284583e-06
CNTN4,0.0,,TNC,0.0,2.0917093e-06
LILRB4,0.0,,NID1,0.0,-1.2598837e-06
MDGA2,0.0,,LY96,0.0,1.1982413e-06
FAAH2,0.0,,APOC2,0.0,-5.250013e-06
MT-ND4L,0.0,3.2012618,DCLK1,0.0,-3.2253863e-07
SPANXA2-OT1,0.0,,RPL18A,0.0,-3.588178e-09
SAMD9,0.0,,IL15,0.0,-1.0591295e-06
MFAP1,0.0,,HMGCS1,0.0,-1.6504066e-06
GPNMB,0.0,0.586627,PSTPIP2,0.0,-3.9692344e-07
TMEM182,0.0,,SSPN,0.0,1.6379237e-06
KCNJ5,0.0,,SLC16A7,0.0,9.844268e-07
PODXL,0.0,,GRIP1,0.0,2.6971584e-06
NLRC4,0.0,,FCER1G,0.0,5.714639e-07
MMRN1,0.0,,C1QA,0.0,2.3650973e-06
ZNF804A,0.0,-2.243398e-06,MS4A4A,0.0,-8.159846e-07
NR2F2-AS1,0.0,,ANKRD22,0.0,
SLC15A3,0.0,,MB21D2,0.0,-4.5453217e-07
GAL3ST4,0.0,,TTN,0.0,7.3611136e-07
PDIK1L,0.0,,ROBO2,0.0,-8.764823e-08
OLFML2B,0.0,,CASP4,0.0,3.0309961e-06
AL592295.4,0.0,,RPS11,0.0,-7.912691e-07
ERAP2,0.0,-1.6580175e-06,TSHZ2,0.0,3.4769416e-06
DENND1C,0.0,-0.21696588,IL7,0.0,
ZNF786,0.0,2.9978492,RPL12,0.0,-1.8898667e-06
IRF5,0.0,,AC104123.1,0.0,-3.0959376e-07
SLC37A2,0.0,3.7931256,LAMA4,0.0,6.333923e-07
LONRF3,0.0,,CLEC2B,0.0,
AP005131.6,0.0,,BSG,0.0,1.1967903e-06
CLPTM1L,0.0,2.056926e-06,SNTB1,0.0,5.9582914e-07
MECOM,0.0,,AC097518.2,0.0,-2.807997e-06
KLHL29,0.0,,NFKBIA,0.0,1.0882277e-07
SCIMP,0.0,,DUSP1,0.0,2.0233463e-06
CTXND1,0.0,4.8406854,JAK3,0.0,-2.243584e-06
ENPP1,0.0,,AC034195.1,0.0,6.560735e-07
SAMM50,0.0,,AL138828.1,0.0,
NANS,0.0,5.795155e-08,CHCHD7,0.0,2.4703337e-07
AC015712.2,0.0,,DGKH,0.0,-1.7560902e-06
AHR,0.0,,CENPP,0.0,1.0058143e-07
BCAS2,0.0,,CEMIP,0.0,
COLQ,0.0,4.708808,APOC1,0.0,-2.0486698e-07
PI4K2A,0.0,-1.1386845e-06,KCND2,0.0,-4.895349e-07
WAS,0.0,,BICC1,0.0,-9.4503713e-07
C2orf27A,0.0,,RPS18,0.0,-1.6076619e-06
SGF29,0.0,1.6584574,AC002069.2,0.0,4.9484214e-07
LDB2,0.0,1.8783406,RASD1,0.0,
ST8SIA6,0.0,,GRIK1,0.0,
CLEC9A,0.0,8.9949793e-07,ADAMTS9,0.0,-1.8998628e-07
ITGA10,0.0,,RPL19,0.0,-3.0000529e-06
CAPG,0.0,,AC073941.1,0.0,-6.4872563e-07
ADORA3,0.0,,AL365295.1,0.0,-7.118751e-07
RAB35,0.0,,CADPS,0.0,1.093223e-06
ACSM5,0.0,,WDR49,0.0,-1.4355853e-06
RP2,0.0,1.4285164e-06,RAB20,0.0,-1.6555758e-06
SMIM3,0.0,-4.192642e-07,ADAMTS17,0.0,-9.67731e-07
RPH3AL,0.0,,PID1,0.0,1.9666076e-07
KIF20B,0.0,,FN1,0.0,
NUBP1,0.0,-1.7234711e-06,ZFPM2,0.0,-1.5953078e-06
IK,0.0,,HSPA5,0.0,8.858554e-07
ODF2,0.0,,OPRM1,0.0,-1.6176282e-06
ORAI2,0.0,,IL10RA,0.0,-1.0944744e-06
ACPP,0.0,-2.5649368e-07,PKNOX2,0.0,-2.1334135e-06
AL158071.4,0.0,,CTSC,0.0,7.8828504e-07
LY75,0.0,2.932489e-06,AGBL4,0.0,-9.104204e-07
AC004083.1,0.0,,COL4A2,0.0,2.9824366e-07
SLC38A7,0.0,4.2783117,TMSB10,0.0,7.796733e-07
SIGLEC11,0.0,,AEBP1,0.0,4.0071828e-07
BTK,0.0,-2.7075185e-07,AL050309.1,0.0,-4.5549097e-08
CPAMD8,0.0,,CD163,0.0,-6.725445e-07
GUCY1A2,0.0,,ARHGAP29,0.0,1.4787148e-06
PDZRN4,0.0,3.6863554,CD14,0.0,-1.1315182e-06
KCNK1,0.0,,ARHGAP18,0.0,-1.3197771e-06
AL121999.1,0.0,,BASP1,0.0,7.864246e-08
AC078845.1,0.0,,RHOJ,0.0,-5.965899e-07
CCDC69,0.0,,RGS6,0.0,-6.8161046e-07
VWF,0.0,,KCNMB2,0.0,
AC092958.1,0.0,,KCNN3,0.0,-1.4287094e-06
HPSE,0.0,,AC002429.2,0.0,-4.2110667e-08
SLC6A15,0.0,,SLC7A5,0.0,4.5350018e-07
FXYD5,0.0,,ERC2,0.0,-8.7695776e-07
ABCA9,0.0,-2.2183926e-06,WARS,0.0,-2.4123915e-06
CYTL1,0.0,,AKAP12,0.0,2.4799803e-07
TRAF2,0.0,,TIMP3,0.0,-3.708806e-07
SHISAL2A,0.0,,RIMS1,0.0,-1.1926041e-06
AL035587.1,0.0,,AC083837.1,0.0,
AC008105.3,0.0,2.0754728e-06,TNFAIP8,0.0,-4.1397476e-07
SLC6A12,0.0,1.5400336e-06,TNS1,0.0,2.116471e-07
SH3BP1,0.0,-1.7701273e-06,RGS16,0.0,
HSF2,0.0,-0.2250269,SNED1,0.0,8.645578e-07
PXDNL,0.0,,TOX,0.0,1.1535853e-06
CBFA2T3,0.0,,HSPB1,0.0,4.4984228e-07
COX17,0.0,,HLA-DRA,0.0,2.8530653e-06
DTX2,0.0,,EMP1,0.0,
FO393401.1,0.0,2.187069e-07,IFI44L,0.0,
LINC02609,0.0,,LINC01094,0.0,7.511316e-07
AC246817.1,0.0,,RPS24,0.0,-2.868882e-07
HELLS,0.0,,P2RY14,0.0,-7.386056e-08
SLC16A1,0.0,,FLT1,0.0,-7.034058e-07
KCNMB3,0.0,,PRELID2,0.0,-2.217763e-06
GMEB1,0.0,-1.5286922,NEDD9,0.0,-4.916842e-07
PTDSS1,0.0,-1.8579847e-06,PLA2G4A,0.0,8.2823584e-07
AL157886.1,0.0,,SLC7A11,0.0,-1.0297119e-06
GRM8,0.0,,CADPS2,0.0,-1.0033082e-06
IFIH1,0.0,-1.3092814e-06,SCIN,0.0,3.0132376e-06
CXorf21,0.0,,RBPMS,0.0,-1.7808865e-07
MTCL1,0.0,,C11orf96,0.0,
PTPRN2,0.0,,EPAS1,0.0,4.83618e-07
ALKBH8,0.0,,FAR2,0.0,4.184568e-06
SYT1,0.0,,PDGFRB,0.0,-5.364229e-07
RAB43,0.0,6.148678e-07,WWTR1,0.0,-4.4836494e-07
SH2D3C,0.0,5.418766e-08,SLA,0.0,4.8654346e-07
GIMAP5,0.0,-2.264021e-06,CDKN1A,0.0,
ADAMTSL4-AS1,0.0,-3.8252397e-06,ZIC1,0.0,-1.01868125e-07
PPIP5K1,0.0,3.910187e-07,ID2,0.0,8.731261e-07
CHD3,0.0,,TGFBR3,0.0,1.4027411e-06
COPS9,0.0,-2.5856258e-07,INPP4B,0.0,-1.9435784e-06
L3MBTL3,0.0,,SETBP1,0.0,-1.0530149e-07
MAMDC2,0.0,,VCAN,0.0,-9.1065607e-07
TAFA4,0.0,,AC053513.1,0.0,3.8390885e-07
SPOCK2,0.0,,EFNA5,0.0,-3.0311676e-06
AC090559.1,0.0,,SDCBP,0.0,3.954404e-07
OR3A2,0.0,,ESYT2,0.0,7.01358e-08
GULP1,0.0,,CDH11,0.0,4.9086065e-08
SLF1,0.0,-1.3254146e-06,PDE7B,0.0,4.4709554e-07
DNMBP,0.0,-1.3167474e-06,EPSTI1,0.0,3.7310272e-06
LINC00159,0.0,,PPFIA2,0.0,1.4645319e-07
ARHGAP9,0.0,-2.5824918e-06,AC012405.1,0.0,-7.7228265e-07
IER3IP1,0.0,-9.245591e-07,LINC00511,0.0,5.282298e-07
ATP10A,0.0,,TMTC1,0.0,8.2134704e-07
STARD4,0.0,-1.8045719e-07,TMEM108,0.0,-2.9209207e-07
NECAP2,0.0,-1.1046682e-06,AC002460.2,0.0,-1.9791341e-07
TMED3,0.0,1.2102137e-06,MAOB,0.0,6.3592205e-07
JPT2,0.0,1.044659,FAM110B,0.0,-1.93759e-06
CCSER1,0.0,,RNF144B,0.0,-1.8338596e-06
CDC42EP3,0.0,,MCC,0.0,5.700129e-07
CLEC1A,0.0,1.302409e-06,TFRC,0.0,1.0722141e-06
COMMD6,0.0,-5.0951703e-06,MIR4300HG,0.0,-1.8959045e-06
LINC01091,0.0,,PRRX1,0.0,1.0209264e-06
ZDBF2,0.0,-4.5671024e-07,NIBAN1,0.0,2.108142e-06
LIPC,0.0,,LNCAROD,0.0,1.4245174e-06
RGS18,0.0,,LDLRAD3,0.0,-1.8488216e-06
SMYD2,0.0,-1.7987824e-06,CACNA1C,0.0,-1.6290463e-06
TRAM2,0.0,-3.5617919e-07,SAMSN1,0.0,-1.4458794e-06
SNX8,0.0,,CEMIP2,0.0,1.2811939e-06
SLFN12,0.0,,CRISPLD1,0.0,
CLEC5A,0.0,-1.5291711e-06,TENM2,0.0,-5.9020596e-07
TENM3,0.0,,HPSE2,0.0,-1.1780968e-06
AL133410.1,0.0,,GALNT18,0.0,1.7147457e-07
RNF20,0.0,9.874512e-07,ADAMTS9-AS2,0.0,-5.827211e-07
IFNLR1,0.0,,RANBP3L,0.0,1.3568608e-07
PRKD2,0.0,,AC131944.1,0.0,3.8355202e-07
ZNF14,0.0,,AC114971.1,0.0,-8.4920555e-07
BCL2L11,0.0,,TGFB2,0.0,6.611171e-07
AC092683.1,0.0,,AQP4-AS1,0.0,1.994034e-06
ATRNL1,0.0,1.9297576,PDE8B,0.0,-2.178648e-07
NHEJ1,0.0,,FAM155A,0.0,3.8221154e-07
TDP1,0.0,1.32125e-06,GBE1,0.0,-1.3877179e-06
CT69,0.0,,UBC,0.0,-5.927273e-07
KCNJ3,0.0,,PDE4D,0.0,4.1281194e-07
RPIA,0.0,-2.7519994e-07,ABCA1,0.0,-1.1154982e-06
LINC01588,0.0,,PRKD1,0.0,6.405489e-07
SUSD3,0.0,,PLEKHA5,0.0,-8.436818e-07
PAWR,0.0,1.2719348e-06,GMDS,0.0,6.3838337e-07
UBTF,0.0,,LHFPL6,0.0,1.1645296e-06
THSD4,0.0,,CHI3L1,0.0,-1.4088915e-06
HLA-DRB5,0.0,,CPE,0.0,-9.203586e-07
KLRD1,0.0,,BAALC-AS1,0.0,-1.3796794e-06
MTRNR2L8,0.0,-5.7417856e-07,USP53,0.0,-6.9962374e-07
MTMR8,0.0,8.97524e-07,RGS1,0.0,
PIH1D1,0.0,-7.6604323e-07,ADAM28,0.0,-1.176247e-06
LINC01357,0.0,,RBMS1,0.0,-9.94757e-07
PDE4A,0.0,4.3745618e-07,LINC00499,0.0,-9.4360144e-07
TYK2,0.0,,TRPM3,0.0,-1.2301531e-06
C11orf74,0.0,,IGFBP7,0.0,1.9830482e-06
SEC24C,0.0,-1.7592045e-06,ABCC9,0.0,5.938812e-08
SPICE1,0.0,-2.4938881e-06,NRXN1,0.0,1.3275846e-07
MAP1S,0.0,,PLOD2,0.0,7.1793573e-07
GRIN2A,0.0,,SGIP1,0.0,-6.7368967e-07
NIPAL2,0.0,1.5597244e-06,TGFBR1,0.0,2.9542178e-07
ADAM32,0.0,1.9876795e-06,PDZRN3,0.0,-3.1742995e-06
GABARAPL1,0.0,-7.317336e-07,ACSS3,0.0,1.8338635e-06
MORC1,0.0,,GNA14,0.0,-8.1950026e-07
VLDLR-AS1,0.0,,TMEM163,1.6276546074997854e-308,1.6867629e-06
CFAP47,0.0,,SAT1,2.0939629756624198e-302,-1.0705005e-06
LINC02742,0.0,-3.874897e-06,SLC4A4,2.0948394488372347e-293,-5.27231e-07
KCNMB1,0.0,-2.0446066e-06,CD44,7.43775115179338e-284,2.4002425e-06
SMC4,0.0,,HAMP,1.0067333339504886e-272,
SPARC,0.0,,PTPRG,8.479643335544321e-260,-1.9733433e-07
OPA3,0.0,,MIR646HG,6.067936239851805e-258,-5.4006154e-07
TRMT1,0.0,-3.2028915e-06,FYN,3.710295923126981e-249,-1.3001713e-06
SGSM1,0.0,,ZEB1,3.757657260023222e-241,1.3621107e-06
PLXNA1,0.0,,HIF1A-AS3,8.009423775843413e-235,-1.4212195e-06
P2RY6,0.0,4.4778182e-07,SRGN,9.718244661386015e-227,-5.0385995e-07
UNC5D,0.0,,ANGPTL4,3.314002420828499e-225,-1.13856835e-07
SLC35F3,0.0,,HILPDA,2.272702728481164e-211,-9.1191296e-08
AFAP1,0.0,-3.690348e-07,CTNNA2,2.057622573376826e-209,-8.3417314e-07
STAT5A,0.0,-2.6206442e-07,ERBB4,8.016902763738758e-209,-1.0978516e-06
ARRDC3-AS1,0.0,6.0194134e-07,CTNND2,9.988113368532616e-201,-1.0106811e-06
CLIC2,0.0,,PTPRC,1.0858460470503087e-199,2.4108974e-06
ITGA1,0.0,1.5873537e-06,B2M,2.2913461438015167e-182,5.4575344e-07
SLFN11,0.0,1.0929552e-06,FOS,3.2512134628910057e-177,-2.634832e-06
ABCB1,0.0,,GPC5,1.1615014785442677e-169,8.866043e-08
CCND1,0.0,-7.614432e-07,GPM6A,6.026612545979711e-168,-1.7719721e-07
TMEM120B,0.0,2.055559e-06,IFITM3,9.190117919420851e-163,-1.0954811e-06
DCC,0.0,,SLC1A2,8.737747320246118e-147,-3.2123313e-07
FAM241A,0.0,6.371506e-08,MT1M,6.098472251499767e-143,
MAOA,0.0,-1.9051857e-06,COLEC12,1.2243959719172266e-141,2.5025602e-07
IFIT3,0.0,-2.4695961,RBMS3,5.172577591323069e-140,1.1639701e-06
KCNIP4,0.0,8.130085,SLC2A3,2.666233855934305e-116,1.9239137e-06
PLA2G15,0.0,,RORA,2.983934737207425e-94,7.2355215e-07
OSBPL5,0.0,-1.18773144e-07,FAM189A2,2.1935688301464832e-92,5.8864634e-07
SLC30A1,0.0,-2.3688865e-06,KCNQ3,1.127482967237091e-86,6.020746e-07
DDX27,0.0,,SH3RF3,1.4257105627932762e-75,2.2089921e-07
MPV17,0.0,,MT2A,3.3352827277009464e-47,1.1045543e-07
PIK3R3,0.0,,FTL,7.319292428377548e-26,-3.4259895e-07
PTPRB,0.0,,HSP90AA1,0.3830831971096035,1.9374552e-06
ANKRD37,0.0,-2.8204402e-06,CEBPD,0.04292282770570309,-3.3641456e-07
TLR10,0.0,-3.830356e-07,PLCL1,1.473055311248176e-10,-9.960723e-07
WDR81,0.0,6.68675e-07,NAMPT,1.1622861054776989e-21,1.6388298e-06
SINHCAF,0.0,1.9490144e-06,MAN2A1,1.2179028537040244e-68,8.033158e-08
FAM78A,0.0,,GLDN,3.186948794817706e-76,-2.533671e-06
AL162414.1,0.0,-1.8036923e-06,SLC44A1,1.6981748597033297e-78,-6.1767497e-07
AC010378.2,0.0,-3.9671934e-07,RASSF8,3.569928576254237e-102,-1.10440496e-07
FBN2,0.0,1.9155618e-06,STARD13,5.607827794066028e-138,-6.477984e-07
ADGRL2,0.0,,ARL15,1.8622523453808865e-143,1.3533041e-06
ERCC1,0.0,3.3264937e-06,NCAM2,5.958393654377412e-156,3.057484e-07
ACTA2,0.0,4.8847124e-07,PDE3B,1.057550757313678e-160,1.0463837e-06
ARHGAP10,0.0,-1.6290453e-07,HS3ST4,3.7524685924436877e-162,3.6938372e-06
LEF1,0.0,-3.456828e-06,PPP2R2B,5.546680120908683e-165,-1.7079324e-06
PPM1E,0.0,,PTPRK,7.213371334941149e-184,1.9894032e-06
RNF152,0.0,-5.660758e-07,MAP7,2.931295726501792e-195,2.8632743e-09
GLIPR1,0.0,,ADIPOR2,1.0362339011727177e-207,1.172762e-06
ARHGAP30,0.0,-8.4175343e-07,RNF220,2.7528082953757778e-211,2.3615121e-07
AC132153.1,0.0,-2.5032405e-06,CCND3,2.964967883701241e-215,-5.8234775e-07
AL603839.3,0.0,,RAPGEF1,3.8055422109823567e-227,1.3165251e-06
ARL6,0.0,-8.1254746e-07,PTPRD,2.7530282179398034e-230,5.089961e-07
SH3BP5,0.0,-4.5848246e-06,CPED1,4.700342685662453e-239,3.8857115e-07
TMEM14C,0.0,2.6369974e-06,ZDHHC20,3.760261194064548e-251,-3.2686404e-07
TBX19,0.0,8.0998683e-07,SDK1,7.167558000638978e-256,-1.7162216e-06
SH3TC2-DT,0.0,,CTNNA3,3.5797525181861335e-258,3.4081484e-06
SHANK3,0.0,,ATP8A1,1.0518099969957085e-265,-1.5099067e-07
CASC15,0.0,,ARHGAP15,9.436025638157376e-267,4.9570224e-07
AC092535.4,0.0,3.455764e-06,TRIM2,3.6072022252924645e-276,-9.747387e-08
SBF2-AS1,0.0,1.8334421e-06,IL1RAPL1,9.695738698244568e-280,-1.1401995e-06
SELPLG,0.0,,TMEM144,2.0897761141277503e-280,-1.6049145e-06
STXBP5-AS1,0.0,,KHDRBS3,1.3324810566683785e-283,3.3343844e-07
ZEB1-AS1,0.0,-2.13604e-06,FRMD5,7.68705683024032e-284,3.789822e-06
ANO2,0.0,,SOCS6,2.1638367999399557e-299,1.0295117e-06
IL16,0.0,,PRKCB,9.062436457012895e-303,-4.2793786e-07
NSA2,0.0,,GRM3,5.177840157073474e-304,4.0079345e-07
RARB,0.0,4.377784,DLC1,2.15242592859723e-310,1.0404746e-06
POLA2,0.0,3.659157e-06,PLP1,0.0,-1.7051882e-06
HMGA1P4,0.0,-3.5779865e-06,ABCC4,0.0,2.978929e-06
CAMK4,0.0,3.1771836,CACNA1A,0.0,1.6246834e-06
NEB,0.0,4.7090305e-07,SGK1,0.0,4.0279724e-06
RFC3,0.0,-7.7714844e-08,LINC02798,0.0,-3.7269542e-06
ERLIN1,0.0,-4.1242905e-07,PLPP1,0.0,-1.1041421e-06
MSL3,0.0,7.568035e-07,BNC2,0.0,-1.0527566e-06
CLECL1,0.0,,P2RY12,0.0,1.2693037e-06
SORBS2,0.0,,AC007262.2,0.0,-2.151008e-07
AL445250.1,0.0,,MTSS1,0.0,1.4095773e-06
CDKN2B-AS1,0.0,1.2022929e-06,LPCAT2,0.0,4.568189e-06
CD37,0.0,-1.5292552e-07,AOAH,0.0,4.073918e-07
SLC2A1,0.0,-7.5444393e-07,BLNK,0.0,2.4594372e-06
SVEP1,0.0,,APBB2,0.0,9.306742e-08
ARHGAP45,0.0,7.7732443e-07,ATP8B4,0.0,3.3658112e-06
RNF135,0.0,1.0821881e-06,ST18,0.0,-1.9216847e-07
ASXL3,0.0,,TBC1D4,0.0,9.904005e-08
B4GALT4,0.0,2.2993047e-06,RASGEF1C,0.0,-3.6223753e-06
LTA4H,0.0,-1.4662807e-06,CPM,0.0,1.1791278e-06
ABRAXAS2,0.0,2.121832e-06,ASTN2,0.0,-2.1736045e-07
RMDN2,0.0,2.7044375e-06,PEX5L,0.0,2.919224e-06
COPS4,0.0,5.392016e-07,SPOCK3,0.0,
LIMK1,0.0,1.5592816e-07,DOCK9,0.0,-1.1912822e-06
SNAP29,0.0,-9.88001e-07,ANKS1B,0.0,1.774077e-06
ITIH5,0.0,6.9652015e-07,TTLL7,0.0,-3.269915e-06
CDYL2,0.0,,PXK,0.0,-1.8175006e-06
RILPL2,0.0,2.2377903e-06,FAM149A,0.0,-2.857714e-06
ADAM19,0.0,,KLHL32,0.0,2.0907162e-07
AKAP8,0.0,2.351327e-06,NKAIN2,0.0,-1.1551062e-06
AL356124.1,0.0,-8.175933e-07,SLAIN1,0.0,-4.0239573e-07
BBS7,0.0,3.3863958e-07,IPCEF1,0.0,-3.795638e-06
FRMD6,0.0,1.494362e-06,EDIL3,0.0,-7.3156536e-07
GCNT1,0.0,,ADARB2,0.0,
FRG1-DT,0.0,,MT-CO1,0.0,-1.1883166e-06
MSH4,0.0,,ARHGAP6,0.0,2.9221064e-06
C3AR1,0.0,3.0978263e-06,PKP4,0.0,2.5439346e-07
CTDP1,0.0,-1.0609393e-06,SPOCK1,0.0,6.968215e-07
OPALIN,0.0,,MT-CO2,0.0,5.3418546e-07
GREM1,0.0,,TF,0.0,4.222898e-07
NKD1,0.0,-3.3432602e-07,TSPAN5,0.0,5.8237475e-07
SYT14,0.0,,RNF150,0.0,-1.0423321e-06
MED26,0.0,2.8605111e-06,FOXP2,0.0,1.0489944e-06
RNF166,0.0,-2.2556742e-06,SLCO3A1,0.0,5.5052266e-07
DHX57,0.0,-1.4922165e-06,SYK,0.0,-1.7988159e-06
FAT4,0.0,,UNC5C,0.0,-3.9553348e-07
FGL1,0.0,,MYO1D,0.0,1.0945818e-06
KHDRBS2,0.0,,QDPR,0.0,
MIR2052HG,0.0,2.1840601e-06,PDE1C,0.0,1.4933163e-06
VRK1,0.0,7.091912e-07,LRRK1,0.0,1.52186e-06
KIAA1211L,0.0,5.060833e-07,SLC24A2,0.0,
TRPM6,0.0,,MT-CYB,0.0,-5.2153047e-07
PRMT9,0.0,1.5839906e-06,IKZF1,0.0,-2.9686287e-06
AL392023.2,0.0,,AKAP6,0.0,5.132212e-07
ZNF66,0.0,3.4563361e-06,DISP1,0.0,-1.2908058e-06
AC233296.1,0.0,,IGSF21,0.0,-3.4664824e-06
ITGAL,0.0,-6.4719535e-07,C10orf90,0.0,-1.0370671e-06
TBCEL,0.0,-5.3482245e-07,PALM2-AKAP2,0.0,-2.953866e-06
SLC45A4,0.0,1.15736945e-07,CLMN,0.0,1.7696664e-06
PLGRKT,0.0,-7.158605e-07,ANK3,0.0,
NDC1,0.0,-6.037089e-07,DSCAML1,0.0,
Z93930.2,0.0,-8.145542e-07,AL392172.2,0.0,-4.1356932e-07
RASGRF1,0.0,,A2M,0.0,1.0339716e-06
KCNH1,0.0,,MT-ND4,0.0,-5.6452103e-07
SYTL2,0.0,-5.0253027e-07,NLGN1,0.0,-8.2872987e-07
TSBP1-AS1,0.0,,PRUNE2,0.0,-1.7011503e-06
SIGLEC8,0.0,2.3549223e-06,DNAJC6,0.0,9.122726e-07
CCDC3,0.0,,NRXN3,0.0,-6.092881e-07
PARP12,0.0,-1.9130057e-06,WDFY4,0.0,-2.768005e-06
LST1,0.0,1.2052392e-06,PLCL2,0.0,-7.3429413e-07
ICA1,0.0,9.2641125e-07,PSMA1,0.0,-6.7802307e-07
AC061708.1,0.0,,HDAC2-AS2,0.0,-1.2928804e-06
STPG4,0.0,-1.6594223e-06,NFASC,0.0,-4.5588862e-08
AC109927.1,0.0,-1.1670224e-06,KIRREL3,0.0,
KCNK6,0.0,,PARP8,0.0,7.871335e-07
CYSLTR1,0.0,,CNTNAP2,0.0,
PHTF1,0.0,-1.8600002e-06,ZNF536,0.0,
FAM111A,0.0,1.6291393e-06,FAM107B,0.0,2.4908454e-06
C16orf87,0.0,-4.849832e-07,MT-CO3,0.0,-1.04231e-06
EBF1,0.0,1.0038058e-06,RAPGEF5,0.0,-1.8497648e-06
CAMKK2,0.0,1.0024345e-06,LINC01374,0.0,-2.8094703e-07
LINC01470,0.0,,PADI2,0.0,1.4459687e-06
SLIT2,0.0,,ARHGAP25,0.0,4.276008e-07
WIPF3,0.0,,PRKCH,0.0,6.26369e-07
ADAMTS18,0.0,,CRYAB,0.0,-1.6979595e-06
GRIA3,0.0,,AL357522.1,0.0,-1.0008093e-06
AC126177.3,0.0,,SGCD,0.0,-1.9817325e-07
RIPOR2,0.0,,KCNIP1,0.0,-2.0103014e-06
CORO1A,0.0,-7.2240056e-07,C3,0.0,1.1139813e-06
HEXD,0.0,3.2598444e-07,LINC02232,0.0,-3.6947088e-06
YES1,0.0,-2.763895e-06,GRAMD2B,0.0,-7.676036e-07
JADE3,0.0,,ST8SIA4,0.0,4.1607302e-07
SLC31A1,0.0,-3.481623e-07,IQCJ-SCHIP1,0.0,1.7312973e-06
ALKBH1,0.0,-1.248395e-06,MT-ATP6,0.0,5.710005e-07
AC025171.2,0.0,-1.2987701e-06,MLLT3,0.0,8.139571e-07
MILR1,0.0,-1.3491035e-07,PIK3AP1,0.0,3.5202626e-07
MTFMT,0.0,1.5162257e-06,AC008571.2,0.0,
CASP10,0.0,7.777617e-07,ROBO1,0.0,-1.4277405e-06
CHKB,0.0,-6.9824046e-07,DPP6,0.0,1.1349923e-06
CDH8,0.0,,SH3GL3,0.0,
NUCB2,0.0,1.3972833e-06,SLC7A14-AS1,0.0,9.954126e-07
AC092821.3,0.0,1.2257864e-06,ENPP2,0.0,-2.097991e-06
ERN1,0.0,-1.3886659e-06,PHACTR2,0.0,2.0352586e-06
GXYLT2,0.0,,DMD,0.0,3.9864835e-06
TLR7,0.0,,EDA,0.0,7.825342e-08
CD276,0.0,1.2787908e-06,LY86,0.0,1.9594743e-06
ITGA5,0.0,-2.2116442e-06,LRRC4C,0.0,1.2883613e-06
CENPJ,0.0,,CHSY3,0.0,-2.3238172e-06
MICAL1,0.0,,KCNQ1,0.0,-2.14322e-06
ACER2,0.0,,XKR6,0.0,2.486482e-07
TGFA,0.0,,CHST15,0.0,-2.0721438e-06
SMYD4,0.0,1.4826986e-06,CARD11,0.0,2.051654e-06
LINC02018,0.0,,CD86,0.0,-6.593097e-07
ACTN2,0.0,1.2268634e-07,AC066613.2,0.0,
STEAP3,0.0,1.8060342e-07,LINC00609,0.0,-1.2395457e-06
AFF3,0.0,,ANLN,0.0,
STMN1,0.0,,AL163541.1,0.0,-1.6134694e-06
DSTN,0.0,-3.4028456e-06,NEK10,0.0,2.49012e-06
SLC7A7,0.0,8.072894e-07,SYNJ2,0.0,
PTGS1,0.0,3.2428864e-07,SLCO1A2,0.0,
UBE2D1,0.0,-2.8250906e-06,ABCA8,0.0,-2.8899638e-06
ZC3H3,0.0,1.344113e-06,KAZN,0.0,1.855012e-06
LGR5,0.0,,CREB5,0.0,-1.33223e-06
DAPK2,0.0,,KCNH8,0.0,
CCDC138,0.0,,AP001977.1,0.0,
KLHL36,0.0,1.614222e-08,MAN1A1,0.0,-1.5730601e-06
MTRNR2L1,0.0,,MOBP,0.0,
BID,0.0,-2.1841497e-06,PIEZO2,0.0,
MYL12B,0.0,2.9758776e-06,SLC12A2,0.0,4.2363507e-07
CFAP161,0.0,,AC009063.2,0.0,
TLR6,0.0,5.663155e-07,AC093865.1,0.0,-4.4705513e-07
CMTM1,0.0,2.429531e-07,STK39,0.0,4.984505e-07
RALB,0.0,-8.109269e-08,CALD1,0.0,-8.542937e-07
SNX7,0.0,-1.7736885e-06,PCSK6,0.0,
MTHFS,0.0,1.023651e-06,SHROOM4,0.0,
DGKE,0.0,3.778131e-07,ATP1B3,0.0,-3.6623853e-06
ZNF766,0.0,3.8433782e-07,SH3D19,0.0,-1.4635019e-06
PPP1R2,0.0,4.8422396e-07,RNF144A,0.0,1.4512541e-06
CARNMT1,0.0,-6.189609e-07,UGT8,0.0,
TTF1,0.0,7.3304744e-07,OSBP2,0.0,-1.7105161e-06
RBFOX1,0.0,,DSCAM,0.0,-7.583003e-07
AC026341.1,0.0,-6.167184e-07,LRRK2,0.0,-2.6609774e-07
ETS1,0.0,-2.0388798e-06,ANO4,0.0,
GRK2,0.0,-5.1368534e-06,MIS18BP1,0.0,-2.9500982e-06
DACH1,0.0,,MIR181A1HG,0.0,8.8176074e-07
SHC3,0.0,,AK5,0.0,
UBE2Q2,0.0,-6.879938e-07,SCARB1,0.0,-2.4782867e-06
TMEM242,0.0,-3.2653752e-06,NR6A1,0.0,-3.005939e-06
CCNG2,0.0,,CBLB,0.0,3.9681194e-07
MZF1,0.0,-2.387872e-06,TMEFF2,0.0,
CHMP4B,0.0,1.15500995e-07,EGFR,0.0,1.774781e-06
GCNA,0.0,,ZNF618,0.0,7.719321e-07
CSMD3,0.0,,TMEM156,0.0,7.9241147e-07
FYCO1,0.0,-9.020287e-09,KCNMB4,0.0,
DOCK6,0.0,8.120183e-07,TMEM131L,0.0,6.0039893e-09
TAFA1,0.0,-3.170653e-08,KCTD8,0.0,1.1879181e-06
UBB,0.0,9.442205e-07,ZC3HAV1,0.0,8.8379824e-07
IKBIP,0.0,-1.0887965e-06,SLC5A11,0.0,
TBPL1,0.0,-8.998085e-07,CEP128,0.0,5.369995e-07
XACT,0.0,,MT-ND2,0.0,3.95525e-07
SPTLC3,0.0,6.1605283e-07,LRP2,0.0,
MIR31HG,0.0,,AC008691.1,0.0,
OSBP,0.0,4.619389e-07,COTL1,0.0,-3.1382265e-07
SENP1,0.0,-1.2434942e-06,THRB,0.0,-1.2849066e-06
PDE10A,0.0,3.9242198e-07,APOLD1,0.0,-2.479862e-06
SLC19A1,0.0,4.905749e-07,LINC01141,0.0,-1.0925244e-06
ZC3H8,0.0,-1.6150391e-06,BCAS1,0.0,
GK5,0.0,-4.9423625e-07,LINC00639,0.0,
LINC02057,0.0,,CACNA1D,0.0,8.1090934e-07
PLCB4,0.0,-3.8885214e-06,SILC1,0.0,
ARPP21,0.0,,SELENOP,0.0,2.387116e-08
PACRG,0.0,-4.275641e-06,KCNQ1OT1,0.0,-6.906578e-07
PRMT7,0.0,8.491181e-07,PLEKHG1,0.0,5.645937e-07
DGKI,0.0,,POU2F2,0.0,-1.2749629e-06
AC090630.1,0.0,,PDE1A,0.0,
PLS3,0.0,-2.44254e-07,CPVL,0.0,-3.0756385e-06
CSMD1,0.0,,KIF6,0.0,
NR2F1,0.0,1.5818043e-07,CNTNAP4,0.0,
MIR222HG,0.0,-8.002255e-07,STK32B,0.0,1.5329472e-06
GALNT15,0.0,4.721864e-07,HECW2,0.0,
COBLL1,0.0,-3.866231e-06,PIP5K1B,0.0,6.4242283e-07
AC116362.1,0.0,,COX10-AS1,0.0,-5.7154136e-08
LURAP1L-AS1,0.0,,PDZD2,0.0,2.5935114e-07
RYR2,0.0,,HS3ST5,0.0,6.318999e-07
SLC12A7,0.0,-2.1896055e-06,LCP2,0.0,1.0350626e-06
PDE3A,0.0,2.4268522e-06,GPRIN3,0.0,1.5750525e-06
TPST2,0.0,2.5338259e-06,KCNK13,0.0,-1.3275768e-06
GFOD1,0.0,2.6584999e-06,IL18,0.0,-2.9008027e-06
ADGRD1,0.0,6.2778815e-07,AC008014.1,0.0,8.037406e-07
ABCA6,0.0,-8.1506437e-07,LRRC7,0.0,1.4766512e-06
AF165147.1,0.0,1.3906074e-06,LINC02245,0.0,-1.6903507e-06
RNF2,0.0,1.7514444e-06,CA2,0.0,1.1943973e-07
AC104389.5,0.0,3.289452e-07,MSR1,0.0,-1.6636038e-06
LINC02712,0.0,9.218617e-07,LINC01608,0.0,
EPB41L4A,0.0,-1.7742609e-06,CCDC26,0.0,9.079873e-07
EMB,0.0,-4.9566934e-06,SLC2A9,0.0,-2.1462718e-07
SMAD6,0.0,7.6507473e-07,MAP1B,0.0,2.2139354e-06
CSMD2,0.0,,FA2H,0.0,
PLPPR1,0.0,,STPG2,0.0,-5.1865095e-07
TRIM14,0.0,1.7277786e-06,POLR2F,0.0,1.0129745e-06
AL354809.1,0.0,,LINC00320,0.0,
AC114763.1,0.0,1.4864762e-06,AC012494.1,0.0,
RNLS,0.0,1.0120735e-06,ITGAX,0.0,-1.1593354e-06
FCGBP,0.0,-1.5735466e-06,RTN1,0.0,1.2971874e-06
PCBP3,0.0,5.3468835e-07,NEGR1,0.0,3.911523e-07
STAB1,0.0,-1.7987127e-06,PCED1B,0.0,-3.6087465e-06
IQGAP2,0.0,-1.6268417e-06,AL008633.1,0.0,-8.8979186e-07
PLEK,0.0,2.8687978e-06,PPFIBP1,0.0,1.3257848e-06
CALN1,0.0,-4.6590308e-06,GPR137C,0.0,-1.5161235e-06
MT-ND5,0.0,5.627093e-07,TXNIP,0.0,7.3903175e-07
SLC24A3,0.0,2.8419467e-07,ADAMTSL3,0.0,1.1966564e-06
DNAJB1,0.0,2.6944485e-06,UACA,0.0,2.5967734e-07
S100Z,0.0,-2.270992e-07,GRK5,0.0,-5.1475645e-08
CDH13,0.0,,GRB10,0.0,
SEMA5A,0.0,-1.4063613e-06,HHIP,0.0,
LINC01088,0.0,-1.3396639e-06,RASGRF2,0.0,3.8226935e-07
AC090015.1,0.0,,CNDP1,0.0,
DGKB,0.0,-6.4948534e-07,AC079352.1,0.0,-1.9221072e-06
GRID2,0.0,5.9824305e-07,CYTH3,0.0,-7.5365733e-07
LINC02391,0.0,-4.336518e-07,SGO1-AS1,0.0,7.019606e-07
MRC1,0.0,,RETREG1,0.0,3.901722e-07
MYRIP,0.0,2.2662796e-07,FLRT2,0.0,4.751064e-07
DAB1,0.0,,ZFPM2-AS1,0.0,3.4613433e-06
MAP2,0.0,6.678736e-07,GCNT2,0.0,1.0134422e-06
PCLO,0.0,-9.2329645e-07,STK10,0.0,-1.430692e-06
GUCY1A1,0.0,,LINC00578,0.0,
ENG,0.0,-2.8106892e-06,HEG1,0.0,2.910627e-06
ZNF75D,0.0,-1.0712364e-06,TMEM98,0.0,
ELOVL7,0.0,,PPP1R16B,0.0,
ABTB2,0.0,1.8792227e-07,PLD5,0.0,
DIRC3,0.0,-2.775012e-06,RCAN2,0.0,
TMC8,0.0,1.7016711e-06,NLRP1,0.0,
LINC01170,0.0,,CX3CR1,0.0,-1.6837703e-06
EFEMP1,0.0,1.9819895e-06,AC025569.1,0.0,1.2120494e-06
AL589935.1,0.0,2.1874469e-06,NXN,0.0,4.1622306e-07
MICOS10,0.0,-1.0022444e-08,WNT2B,0.0,-3.8143008e-07
FRMD3,0.0,4.8382697e-07,RAPGEF4,0.0,-3.604466e-06
LRRTM4,0.0,,LAMA2,0.0,-1.4712367e-06
AL353138.1,0.0,,RASSF3,0.0,2.2156785e-06
NCEH1,0.0,-2.8245867e-07,DENND2A,0.0,-4.677645e-07
GREB1L,0.0,,LMO7,0.0,5.970795e-07
AL133304.3,0.0,,ARHGAP42,0.0,1.421332e-06
LINC02246,0.0,-1.2119552e-06,CD22,0.0,
HDX,0.0,7.6617425e-07,FBN1,0.0,-1.4886606e-06
APOD,0.0,-1.1538141e-06,FGF1,0.0,
PARVB,0.0,3.5742237e-06,ITGA2,0.0,
DYSF,0.0,,FOLH1,0.0,
KIAA0825,0.0,4.9112793e-07,MT-ND1,0.0,1.5225924e-06
MS4A14,0.0,,AC079015.1,0.0,1.5341282e-06
GNG2,0.0,5.0291357e-07,LRRTM3,0.0,
GALNT13,0.0,,IRF8,0.0,-2.7194842e-06
MT-ND3,0.0,,SYTL3,0.0,2.2165939e-07
ANKRD18A,0.0,,DYNC1I1,0.0,1.0229915e-07
TMEM132C,0.0,2.5742423e-07,LINC01684,0.0,-1.9685478e-06
LINC02328,0.0,5.1840065e-08,C12orf75,0.0,-3.7818625e-06
STEAP1B,0.0,8.6700334e-07,FAM102B,0.0,2.1610751e-07
AL033523.1,0.0,,VSIG4,0.0,-3.133888e-06
LINC02397,0.0,,MTRNR2L12,0.0,-1.2166213e-06
AC008050.1,0.0,,CNKSR3,0.0,
NRP2,0.0,-7.710573e-07,KYNU,0.0,-1.6278251e-06
ADARB1,0.0,2.3277048e-08,PLAGL1,0.0,1.0314623e-06
FAT3,0.0,-2.1671312e-06,AC078881.1,0.0,4.1879758e-07
SEPTIN6,0.0,1.5028063e-06,VAV3,0.0,-8.867562e-07
PPARG,0.0,6.9300035e-07,AC006230.1,0.0,5.734219e-07
CMKLR1,0.0,1.3650838e-06,KLHL4,0.0,
STOX2,0.0,,PRAM1,0.0,-2.9048367e-06
CLEC2D,0.0,-1.1648468e-06,PECAM1,0.0,
AL392172.1,0.0,2.3357202e-06,AC108721.2,0.0,
AC119674.1,0.0,3.7536452e-06,PTCHD4,0.0,
KLHL6,0.0,1.5527378e-06,NECAB1,0.0,
MS4A7,0.0,-4.0847403e-06,LRRC63,0.0,
HPGDS,0.0,-3.2952394e-07,LINC01505,0.0,-1.0641742e-06
LINC01505,0.0,1.0641742e-06,HPGDS,0.0,3.2952394e-07
LRRC63,0.0,,MS4A7,0.0,4.0847403e-06
NECAB1,0.0,,KLHL6,0.0,-1.5527378e-06
PTCHD4,0.0,,AC119674.1,0.0,-3.7536452e-06
AC108721.2,0.0,,AL392172.1,0.0,-2.3357202e-06
PECAM1,0.0,,CLEC2D,0.0,1.1648468e-06
PRAM1,0.0,2.9048367e-06,STOX2,0.0,
KLHL4,0.0,,CMKLR1,0.0,-1.3650838e-06
AC006230.1,0.0,-5.734219e-07,PPARG,0.0,-6.9300035e-07
VAV3,0.0,8.867562e-07,SEPTIN6,0.0,-1.5028063e-06
AC078881.1,0.0,-4.1879758e-07,FAT3,0.0,2.1671312e-06
PLAGL1,0.0,-1.0314623e-06,ADARB1,0.0,-2.3277048e-08
KYNU,0.0,1.6278251e-06,NRP2,0.0,7.710573e-07
CNKSR3,0.0,,AC008050.1,0.0,
MTRNR2L12,0.0,1.2166213e-06,LINC02397,0.0,
VSIG4,0.0,3.133888e-06,AL033523.1,0.0,
FAM102B,0.0,-2.1610751e-07,STEAP1B,0.0,-8.6700334e-07
C12orf75,0.0,3.7818625e-06,LINC02328,0.0,-5.1840065e-08
LINC01684,0.0,1.9685478e-06,TMEM132C,0.0,-2.5742423e-07
DYNC1I1,0.0,-1.0229915e-07,ANKRD18A,0.0,
SYTL3,0.0,-2.2165939e-07,MT-ND3,0.0,
IRF8,0.0,2.7194842e-06,GALNT13,0.0,
LRRTM3,0.0,,GNG2,0.0,-5.0291357e-07
AC079015.1,0.0,-1.5341282e-06,MS4A14,0.0,
MT-ND1,0.0,-1.5225924e-06,KIAA0825,0.0,-4.9112793e-07
FOLH1,0.0,,DYSF,0.0,
ITGA2,0.0,,PARVB,0.0,-3.5742237e-06
FGF1,0.0,,APOD,0.0,1.1538141e-06
FBN1,0.0,1.4886606e-06,HDX,0.0,-7.6617425e-07
CD22,0.0,,LINC02246,0.0,1.2119552e-06
ARHGAP42,0.0,-1.421332e-06,AL133304.3,0.0,
LMO7,0.0,-5.970795e-07,GREB1L,0.0,
DENND2A,0.0,4.677645e-07,NCEH1,0.0,2.8245867e-07
RASSF3,0.0,-2.2156785e-06,AL353138.1,0.0,
LAMA2,0.0,1.4712367e-06,LRRTM4,0.0,
RAPGEF4,0.0,3.604466e-06,FRMD3,0.0,-4.8382697e-07
WNT2B,0.0,3.8143008e-07,MICOS10,0.0,1.0022444e-08
NXN,0.0,-4.1622306e-07,AL589935.1,0.0,-2.1874469e-06
AC025569.1,0.0,-1.2120494e-06,EFEMP1,0.0,-1.9819895e-06
CX3CR1,0.0,1.6837703e-06,LINC01170,0.0,
NLRP1,0.0,,TMC8,0.0,-1.7016711e-06
RCAN2,0.0,,DIRC3,0.0,2.775012e-06
PLD5,0.0,,ABTB2,0.0,-1.8792227e-07
PPP1R16B,0.0,,ELOVL7,0.0,
TMEM98,0.0,,ZNF75D,0.0,1.0712364e-06
HEG1,0.0,-2.910627e-06,ENG,0.0,2.8106892e-06
LINC00578,0.0,,GUCY1A1,0.0,
STK10,0.0,1.430692e-06,PCLO,0.0,9.2329645e-07
GCNT2,0.0,-1.0134422e-06,MAP2,0.0,-6.678736e-07
ZFPM2-AS1,0.0,-3.4613433e-06,DAB1,0.0,
FLRT2,0.0,-4.751064e-07,MYRIP,0.0,-2.2662796e-07
RETREG1,0.0,-3.901722e-07,MRC1,0.0,
SGO1-AS1,0.0,-7.019606e-07,LINC02391,0.0,4.336518e-07
CYTH3,0.0,7.5365733e-07,GRID2,0.0,-5.9824305e-07
AC079352.1,0.0,1.9221072e-06,DGKB,0.0,6.4948534e-07
CNDP1,0.0,,AC090015.1,0.0,
RASGRF2,0.0,-3.8226935e-07,LINC01088,0.0,1.3396639e-06
HHIP,0.0,,SEMA5A,0.0,1.4063613e-06
GRB10,0.0,,CDH13,0.0,
GRK5,0.0,5.1475645e-08,S100Z,0.0,2.270992e-07
UACA,0.0,-2.5967734e-07,DNAJB1,0.0,-2.6944485e-06
ADAMTSL3,0.0,-1.1966564e-06,SLC24A3,0.0,-2.8419467e-07
TXNIP,0.0,-7.3903175e-07,MT-ND5,0.0,-5.627093e-07
GPR137C,0.0,1.5161235e-06,CALN1,0.0,4.6590308e-06
PPFIBP1,0.0,-1.3257848e-06,PLEK,0.0,-2.8687978e-06
AL008633.1,0.0,8.8979186e-07,IQGAP2,0.0,1.6268417e-06
PCED1B,0.0,3.6087465e-06,STAB1,0.0,1.7987127e-06
NEGR1,0.0,-3.911523e-07,PCBP3,0.0,-5.3468835e-07
RTN1,0.0,-1.2971874e-06,FCGBP,0.0,1.5735466e-06
ITGAX,0.0,1.1593354e-06,RNLS,0.0,-1.0120735e-06
AC012494.1,0.0,,AC114763.1,0.0,-1.4864762e-06
LINC00320,0.0,,AL354809.1,0.0,
POLR2F,0.0,-1.0129745e-06,TRIM14,0.0,-1.7277786e-06
STPG2,0.0,5.1865095e-07,PLPPR1,0.0,
FA2H,0.0,,CSMD2,0.0,
MAP1B,0.0,-2.2139354e-06,SMAD6,0.0,-7.6507473e-07
SLC2A9,0.0,2.1462718e-07,EMB,0.0,4.9566934e-06
CCDC26,0.0,-9.079873e-07,EPB41L4A,0.0,1.7742609e-06
LINC01608,0.0,,LINC02712,0.0,-9.218617e-07
MSR1,0.0,1.6636038e-06,AC104389.5,0.0,-3.289452e-07
CA2,0.0,-1.1943973e-07,RNF2,0.0,-1.7514444e-06
LINC02245,0.0,1.6903507e-06,AF165147.1,0.0,-1.3906074e-06
LRRC7,0.0,-1.4766512e-06,ABCA6,0.0,8.1506437e-07
AC008014.1,0.0,-8.037406e-07,ADGRD1,0.0,-6.2778815e-07
IL18,0.0,2.9008027e-06,GFOD1,0.0,-2.6584999e-06
KCNK13,0.0,1.3275768e-06,TPST2,0.0,-2.5338259e-06
GPRIN3,0.0,-1.5750525e-06,PDE3A,0.0,-2.4268522e-06
LCP2,0.0,-1.0350626e-06,SLC12A7,0.0,2.1896055e-06
HS3ST5,0.0,-6.318999e-07,RYR2,0.0,
PDZD2,0.0,-2.5935114e-07,LURAP1L-AS1,0.0,
COX10-AS1,0.0,5.7154136e-08,AC116362.1,0.0,
PIP5K1B,0.0,-6.4242283e-07,COBLL1,0.0,3.866231e-06
HECW2,0.0,,GALNT15,0.0,-4.721864e-07
STK32B,0.0,-1.5329472e-06,MIR222HG,0.0,8.002255e-07
CNTNAP4,0.0,,NR2F1,0.0,-1.5818043e-07
KIF6,0.0,,CSMD1,0.0,
CPVL,0.0,3.0756385e-06,PLS3,0.0,2.44254e-07
PDE1A,0.0,,AC090630.1,0.0,
POU2F2,0.0,1.2749629e-06,DGKI,0.0,
PLEKHG1,0.0,-5.645937e-07,PRMT7,0.0,-8.491181e-07
KCNQ1OT1,0.0,6.906578e-07,PACRG,0.0,4.275641e-06
SELENOP,0.0,-2.387116e-08,ARPP21,0.0,
SILC1,0.0,,PLCB4,0.0,3.8885214e-06
CACNA1D,0.0,-8.1090934e-07,LINC02057,0.0,
LINC00639,0.0,,GK5,0.0,4.9423625e-07
BCAS1,0.0,,ZC3H8,0.0,1.6150391e-06
LINC01141,0.0,1.0925244e-06,SLC19A1,0.0,-4.905749e-07
APOLD1,0.0,2.479862e-06,PDE10A,0.0,-3.9242198e-07
THRB,0.0,1.2849066e-06,SENP1,0.0,1.2434942e-06
COTL1,0.0,3.1382265e-07,OSBP,0.0,-4.619389e-07
AC008691.1,0.0,,MIR31HG,0.0,
LRP2,0.0,,SPTLC3,0.0,-6.1605283e-07
MT-ND2,0.0,-3.95525e-07,XACT,0.0,
CEP128,0.0,-5.369995e-07,TBPL1,0.0,8.998085e-07
SLC5A11,0.0,,IKBIP,0.0,1.0887965e-06
ZC3HAV1,0.0,-8.8379824e-07,UBB,0.0,-9.442205e-07
KCTD8,0.0,-1.1879181e-06,TAFA1,0.0,3.170653e-08
TMEM131L,0.0,-6.0039893e-09,DOCK6,0.0,-8.120183e-07
KCNMB4,0.0,,FYCO1,0.0,9.020287e-09
TMEM156,0.0,-7.9241147e-07,CSMD3,0.0,
ZNF618,0.0,-7.719321e-07,GCNA,0.0,
EGFR,0.0,-1.774781e-06,CHMP4B,0.0,-1.15500995e-07
TMEFF2,0.0,,MZF1,0.0,2.387872e-06
CBLB,0.0,-3.9681194e-07,CCNG2,0.0,
NR6A1,0.0,3.005939e-06,TMEM242,0.0,3.2653752e-06
SCARB1,0.0,2.4782867e-06,UBE2Q2,0.0,6.879938e-07
AK5,0.0,,SHC3,0.0,
MIR181A1HG,0.0,-8.8176074e-07,DACH1,0.0,
MIS18BP1,0.0,2.9500982e-06,GRK2,0.0,5.1368534e-06
ANO4,0.0,,ETS1,0.0,2.0388798e-06
LRRK2,0.0,2.6609774e-07,AC026341.1,0.0,6.167184e-07
DSCAM,0.0,7.583003e-07,RBFOX1,0.0,
OSBP2,0.0,1.7105161e-06,TTF1,0.0,-7.3304744e-07
UGT8,0.0,,CARNMT1,0.0,6.189609e-07
RNF144A,0.0,-1.4512541e-06,PPP1R2,0.0,-4.8422396e-07
SH3D19,0.0,1.4635019e-06,ZNF766,0.0,-3.8433782e-07
ATP1B3,0.0,3.6623853e-06,DGKE,0.0,-3.778131e-07
SHROOM4,0.0,,MTHFS,0.0,-1.023651e-06
PCSK6,0.0,,SNX7,0.0,1.7736885e-06
CALD1,0.0,8.542937e-07,RALB,0.0,8.109269e-08
STK39,0.0,-4.984505e-07,CMTM1,0.0,-2.429531e-07
AC093865.1,0.0,4.4705513e-07,TLR6,0.0,-5.663155e-07
AC009063.2,0.0,,CFAP161,0.0,
SLC12A2,0.0,-4.2363507e-07,MYL12B,0.0,-2.9758776e-06
PIEZO2,0.0,,BID,0.0,2.1841497e-06
MOBP,0.0,,MTRNR2L1,0.0,
MAN1A1,0.0,1.5730601e-06,KLHL36,0.0,-1.614222e-08
AP001977.1,0.0,,CCDC138,0.0,
KCNH8,0.0,,DAPK2,0.0,
CREB5,0.0,1.33223e-06,LGR5,0.0,
KAZN,0.0,-1.855012e-06,ZC3H3,0.0,-1.344113e-06
ABCA8,0.0,2.8899638e-06,UBE2D1,0.0,2.8250906e-06
SLCO1A2,0.0,,PTGS1,0.0,-3.2428864e-07
SYNJ2,0.0,,SLC7A7,0.0,-8.072894e-07
NEK10,0.0,-2.49012e-06,DSTN,0.0,3.4028456e-06
AL163541.1,0.0,1.6134694e-06,STMN1,0.0,
ANLN,0.0,,AFF3,0.0,
LINC00609,0.0,1.2395457e-06,STEAP3,0.0,-1.8060342e-07
AC066613.2,0.0,,ACTN2,0.0,-1.2268634e-07
CD86,0.0,6.593097e-07,LINC02018,0.0,
CARD11,0.0,-2.051654e-06,SMYD4,0.0,-1.4826986e-06
CHST15,0.0,2.0721438e-06,TGFA,0.0,
XKR6,0.0,-2.486482e-07,ACER2,0.0,
KCNQ1,0.0,2.14322e-06,MICAL1,0.0,
CHSY3,0.0,2.3238172e-06,CENPJ,0.0,
LRRC4C,0.0,-1.2883613e-06,ITGA5,0.0,2.2116442e-06
LY86,0.0,-1.9594743e-06,CD276,0.0,-1.2787908e-06
EDA,0.0,-7.825342e-08,TLR7,0.0,
DMD,0.0,-3.9864835e-06,GXYLT2,0.0,
PHACTR2,0.0,-2.0352586e-06,ERN1,0.0,1.3886659e-06
ENPP2,0.0,2.097991e-06,AC092821.3,0.0,-1.2257864e-06
SLC7A14-AS1,0.0,-9.954126e-07,NUCB2,0.0,-1.3972833e-06
SH3GL3,0.0,,CDH8,0.0,
DPP6,0.0,-1.1349923e-06,CHKB,0.0,6.9824046e-07
ROBO1,0.0,1.4277405e-06,CASP10,0.0,-7.777617e-07
AC008571.2,0.0,,MTFMT,0.0,-1.5162257e-06
PIK3AP1,0.0,-3.5202626e-07,MILR1,0.0,1.3491035e-07
MLLT3,0.0,-8.139571e-07,AC025171.2,0.0,1.2987701e-06
MT-ATP6,0.0,-5.710005e-07,ALKBH1,0.0,1.248395e-06
IQCJ-SCHIP1,0.0,-1.7312973e-06,SLC31A1,0.0,3.481623e-07
ST8SIA4,0.0,-4.1607302e-07,JADE3,0.0,
GRAMD2B,0.0,7.676036e-07,YES1,0.0,2.763895e-06
LINC02232,0.0,3.6947088e-06,HEXD,0.0,-3.2598444e-07
C3,0.0,-1.1139813e-06,CORO1A,0.0,7.2240056e-07
KCNIP1,0.0,2.0103014e-06,RIPOR2,0.0,
SGCD,0.0,1.9817325e-07,AC126177.3,0.0,
AL357522.1,0.0,1.0008093e-06,GRIA3,0.0,
CRYAB,0.0,1.6979595e-06,ADAMTS18,0.0,
PRKCH,0.0,-6.26369e-07,WIPF3,0.0,
ARHGAP25,0.0,-4.276008e-07,SLIT2,0.0,
PADI2,0.0,-1.4459687e-06,LINC01470,0.0,
LINC01374,0.0,2.8094703e-07,CAMKK2,0.0,-1.0024345e-06
RAPGEF5,0.0,1.8497648e-06,EBF1,0.0,-1.0038058e-06
MT-CO3,0.0,1.04231e-06,C16orf87,0.0,4.849832e-07
FAM107B,0.0,-2.4908454e-06,FAM111A,0.0,-1.6291393e-06
ZNF536,0.0,,PHTF1,0.0,1.8600002e-06
CNTNAP2,0.0,,CYSLTR1,0.0,
PARP8,0.0,-7.871335e-07,KCNK6,0.0,
KIRREL3,0.0,,AC109927.1,0.0,1.1670224e-06
NFASC,0.0,4.5588862e-08,STPG4,0.0,1.6594223e-06
HDAC2-AS2,0.0,1.2928804e-06,AC061708.1,0.0,
PSMA1,0.0,6.7802307e-07,ICA1,0.0,-9.2641125e-07
PLCL2,0.0,7.3429413e-07,LST1,0.0,-1.2052392e-06
WDFY4,0.0,2.768005e-06,PARP12,0.0,1.9130057e-06
NRXN3,0.0,6.092881e-07,CCDC3,0.0,
DNAJC6,0.0,-9.122726e-07,SIGLEC8,0.0,-2.3549223e-06
PRUNE2,0.0,1.7011503e-06,TSBP1-AS1,0.0,
NLGN1,0.0,8.2872987e-07,SYTL2,0.0,5.0253027e-07
MT-ND4,0.0,5.6452103e-07,KCNH1,0.0,
A2M,0.0,-1.0339716e-06,RASGRF1,0.0,
AL392172.2,0.0,4.1356932e-07,Z93930.2,0.0,8.145542e-07
DSCAML1,0.0,,NDC1,0.0,6.037089e-07
ANK3,0.0,,PLGRKT,0.0,7.158605e-07
CLMN,0.0,-1.7696664e-06,SLC45A4,0.0,-1.15736945e-07
PALM2-AKAP2,0.0,2.953866e-06,TBCEL,0.0,5.3482245e-07
C10orf90,0.0,1.0370671e-06,ITGAL,0.0,6.4719535e-07
IGSF21,0.0,3.4664824e-06,AC233296.1,0.0,
DISP1,0.0,1.2908058e-06,ZNF66,0.0,-3.4563361e-06
AKAP6,0.0,-5.132212e-07,AL392023.2,0.0,
IKZF1,0.0,2.9686287e-06,PRMT9,0.0,-1.5839906e-06
MT-CYB,0.0,5.2153047e-07,TRPM6,0.0,
SLC24A2,0.0,,KIAA1211L,0.0,-5.060833e-07
LRRK1,0.0,-1.52186e-06,VRK1,0.0,-7.091912e-07
PDE1C,0.0,-1.4933163e-06,MIR2052HG,0.0,-2.1840601e-06
QDPR,0.0,,KHDRBS2,0.0,
MYO1D,0.0,-1.0945818e-06,FGL1,0.0,
UNC5C,0.0,3.9553348e-07,FAT4,0.0,
SYK,0.0,1.7988159e-06,DHX57,0.0,1.4922165e-06
SLCO3A1,0.0,-5.5052266e-07,RNF166,0.0,2.2556742e-06
FOXP2,0.0,-1.0489944e-06,MED26,0.0,-2.8605111e-06
RNF150,0.0,1.0423321e-06,SYT14,0.0,
TSPAN5,0.0,-5.8237475e-07,NKD1,0.0,3.3432602e-07
TF,0.0,-4.222898e-07,GREM1,0.0,
MT-CO2,0.0,-5.3418546e-07,OPALIN,0.0,
SPOCK1,0.0,-6.968215e-07,CTDP1,0.0,1.0609393e-06
PKP4,0.0,-2.5439346e-07,C3AR1,0.0,-3.0978263e-06
ARHGAP6,0.0,-2.9221064e-06,MSH4,0.0,
MT-CO1,0.0,1.1883166e-06,FRG1-DT,0.0,
ADARB2,0.0,,GCNT1,0.0,
EDIL3,0.0,7.3156536e-07,FRMD6,0.0,-1.494362e-06
IPCEF1,0.0,3.795638e-06,BBS7,0.0,-3.3863958e-07
SLAIN1,0.0,4.0239573e-07,AL356124.1,0.0,8.175933e-07
NKAIN2,0.0,1.1551062e-06,AKAP8,0.0,-2.351327e-06
KLHL32,0.0,-2.0907162e-07,ADAM19,0.0,
FAM149A,0.0,2.857714e-06,RILPL2,0.0,-2.2377903e-06
PXK,0.0,1.8175006e-06,CDYL2,0.0,
TTLL7,0.0,3.269915e-06,ITIH5,0.0,-6.9652015e-07
ANKS1B,0.0,-1.774077e-06,SNAP29,0.0,9.88001e-07
DOCK9,0.0,1.1912822e-06,LIMK1,0.0,-1.5592816e-07
SPOCK3,0.0,,COPS4,0.0,-5.392016e-07
PEX5L,0.0,-2.919224e-06,RMDN2,0.0,-2.7044375e-06
ASTN2,0.0,2.1736045e-07,ABRAXAS2,0.0,-2.121832e-06
CPM,0.0,-1.1791278e-06,LTA4H,0.0,1.4662807e-06
RASGEF1C,0.0,3.6223753e-06,B4GALT4,0.0,-2.2993047e-06
TBC1D4,0.0,-9.904005e-08,ASXL3,0.0,
ST18,0.0,1.9216847e-07,RNF135,0.0,-1.0821881e-06
ATP8B4,0.0,-3.3658112e-06,ARHGAP45,0.0,-7.7732443e-07
APBB2,0.0,-9.306742e-08,SVEP1,0.0,
BLNK,0.0,-2.4594372e-06,SLC2A1,0.0,7.5444393e-07
AOAH,0.0,-4.073918e-07,CD37,0.0,1.5292552e-07
LPCAT2,0.0,-4.568189e-06,CDKN2B-AS1,0.0,-1.2022929e-06
MTSS1,0.0,-1.4095773e-06,AL445250.1,0.0,
AC007262.2,0.0,2.151008e-07,SORBS2,0.0,
P2RY12,0.0,-1.2693037e-06,CLECL1,0.0,
BNC2,0.0,1.0527566e-06,MSL3,0.0,-7.568035e-07
PLPP1,0.0,1.1041421e-06,ERLIN1,0.0,4.1242905e-07
LINC02798,0.0,3.7269542e-06,RFC3,0.0,7.7714844e-08
SGK1,0.0,-4.0279724e-06,NEB,0.0,-4.7090305e-07
CACNA1A,0.0,-1.6246834e-06,CAMK4,0.0,-3.1771836
ABCC4,0.0,-2.978929e-06,HMGA1P4,0.0,3.5779865e-06
PLP1,0.0,1.7051882e-06,POLA2,0.0,-3.659157e-06
DLC1,2.15242592859723e-310,-1.0404746e-06,RARB,0.0,-4.377784
GRM3,5.177840157073474e-304,-4.0079345e-07,NSA2,0.0,
PRKCB,9.062436457012895e-303,4.2793786e-07,IL16,0.0,
SOCS6,2.1638367999399557e-299,-1.0295117e-06,ANO2,0.0,
FRMD5,7.68705683024032e-284,-3.789822e-06,ZEB1-AS1,0.0,2.13604e-06
KHDRBS3,1.3324810566683785e-283,-3.3343844e-07,STXBP5-AS1,0.0,
TMEM144,2.0897761141277503e-280,1.6049145e-06,SELPLG,0.0,
IL1RAPL1,9.695738698244568e-280,1.1401995e-06,SBF2-AS1,0.0,-1.8334421e-06
TRIM2,3.6072022252924645e-276,9.747387e-08,AC092535.4,0.0,-3.455764e-06
ARHGAP15,9.436025638157376e-267,-4.9570224e-07,CASC15,0.0,
ATP8A1,1.0518099969957085e-265,1.5099067e-07,SHANK3,0.0,
CTNNA3,3.5797525181861335e-258,-3.4081484e-06,SH3TC2-DT,0.0,
SDK1,7.167558000638978e-256,1.7162216e-06,TBX19,0.0,-8.0998683e-07
ZDHHC20,3.760261194064548e-251,3.2686404e-07,TMEM14C,0.0,-2.6369974e-06
CPED1,4.700342685662453e-239,-3.8857115e-07,SH3BP5,0.0,4.5848246e-06
PTPRD,2.7530282179398034e-230,-5.089961e-07,ARL6,0.0,8.1254746e-07
RAPGEF1,3.8055422109823567e-227,-1.3165251e-06,AL603839.3,0.0,
CCND3,2.964967883701241e-215,5.8234775e-07,AC132153.1,0.0,2.5032405e-06
RNF220,2.7528082953757778e-211,-2.3615121e-07,ARHGAP30,0.0,8.4175343e-07
ADIPOR2,1.0362339011727177e-207,-1.172762e-06,GLIPR1,0.0,
MAP7,2.931295726501792e-195,-2.8632743e-09,RNF152,0.0,5.660758e-07
PTPRK,7.213371334941149e-184,-1.9894032e-06,PPM1E,0.0,
PPP2R2B,5.546680120908683e-165,1.7079324e-06,LEF1,0.0,3.456828e-06
HS3ST4,3.7524685924436877e-162,-3.6938372e-06,ARHGAP10,0.0,1.6290453e-07
PDE3B,1.057550757313678e-160,-1.0463837e-06,ACTA2,0.0,-4.8847124e-07
NCAM2,5.958393654377412e-156,-3.057484e-07,ERCC1,0.0,-3.3264937e-06
ARL15,1.8622523453808865e-143,-1.3533041e-06,ADGRL2,0.0,
STARD13,5.607827794066028e-138,6.477984e-07,FBN2,0.0,-1.9155618e-06
RASSF8,3.569928576254237e-102,1.10440496e-07,AC010378.2,0.0,3.9671934e-07
SLC44A1,1.6981748597033297e-78,6.1767497e-07,AL162414.1,0.0,1.8036923e-06
GLDN,3.186948794817706e-76,2.533671e-06,FAM78A,0.0,
MAN2A1,1.2179028537040244e-68,-8.033158e-08,SINHCAF,0.0,-1.9490144e-06
NAMPT,1.1622861054776989e-21,-1.6388298e-06,WDR81,0.0,-6.68675e-07
PLCL1,1.473055311248176e-10,9.960723e-07,TLR10,0.0,3.830356e-07
CEBPD,0.04292282770570309,3.3641456e-07,ANKRD37,0.0,2.8204402e-06
HSP90AA1,0.3830831971096035,-1.9374552e-06,PTPRB,0.0,
FTL,7.319292428377548e-26,3.4259895e-07,PIK3R3,0.0,
MT2A,3.3352827277009464e-47,-1.1045543e-07,MPV17,0.0,
SH3RF3,1.4257105627932762e-75,-2.2089921e-07,DDX27,0.0,
KCNQ3,1.127482967237091e-86,-6.020746e-07,SLC30A1,0.0,2.3688865e-06
FAM189A2,2.1935688301464832e-92,-5.8864634e-07,OSBPL5,0.0,1.18773144e-07
RORA,2.983934737207425e-94,-7.2355215e-07,PLA2G15,0.0,
SLC2A3,2.666233855934305e-116,-1.9239137e-06,KCNIP4,0.0,-8.130085
RBMS3,5.172577591323069e-140,-1.1639701e-06,IFIT3,0.0,2.4695961
COLEC12,1.2243959719172266e-141,-2.5025602e-07,MAOA,0.0,1.9051857e-06
MT1M,6.098472251499767e-143,,FAM241A,0.0,-6.371506e-08
SLC1A2,8.737747320246118e-147,3.2123313e-07,DCC,0.0,
IFITM3,9.190117919420851e-163,1.0954811e-06,TMEM120B,0.0,-2.055559e-06
GPM6A,6.026612545979711e-168,1.7719721e-07,CCND1,0.0,7.614432e-07
GPC5,1.1615014785442677e-169,-8.866043e-08,ABCB1,0.0,
FOS,3.2512134628910057e-177,2.634832e-06,SLFN11,0.0,-1.0929552e-06
B2M,2.2913461438015167e-182,-5.4575344e-07,ITGA1,0.0,-1.5873537e-06
PTPRC,1.0858460470503087e-199,-2.4108974e-06,CLIC2,0.0,
CTNND2,9.988113368532616e-201,1.0106811e-06,ARRDC3-AS1,0.0,-6.0194134e-07
ERBB4,8.016902763738758e-209,1.0978516e-06,STAT5A,0.0,2.6206442e-07
CTNNA2,2.057622573376826e-209,8.3417314e-07,AFAP1,0.0,3.690348e-07
HILPDA,2.272702728481164e-211,9.1191296e-08,SLC35F3,0.0,
ANGPTL4,3.314002420828499e-225,1.13856835e-07,UNC5D,0.0,
SRGN,9.718244661386015e-227,5.0385995e-07,P2RY6,0.0,-4.4778182e-07
HIF1A-AS3,8.009423775843413e-235,1.4212195e-06,PLXNA1,0.0,
ZEB1,3.757657260023222e-241,-1.3621107e-06,SGSM1,0.0,
FYN,3.710295923126981e-249,1.3001713e-06,TRMT1,0.0,3.2028915e-06
MIR646HG,6.067936239851805e-258,5.4006154e-07,OPA3,0.0,
PTPRG,8.479643335544321e-260,1.9733433e-07,SPARC,0.0,
HAMP,1.0067333339504886e-272,,SMC4,0.0,
CD44,7.43775115179338e-284,-2.4002425e-06,KCNMB1,0.0,2.0446066e-06
SLC4A4,2.0948394488372347e-293,5.27231e-07,LINC02742,0.0,3.874897e-06
SAT1,2.0939629756624198e-302,1.0705005e-06,CFAP47,0.0,
TMEM163,1.6276546074997854e-308,-1.6867629e-06,VLDLR-AS1,0.0,
GNA14,0.0,8.1950026e-07,MORC1,0.0,
ACSS3,0.0,-1.8338635e-06,GABARAPL1,0.0,7.317336e-07
PDZRN3,0.0,3.1742995e-06,ADAM32,0.0,-1.9876795e-06
TGFBR1,0.0,-2.9542178e-07,NIPAL2,0.0,-1.5597244e-06
SGIP1,0.0,6.7368967e-07,GRIN2A,0.0,
PLOD2,0.0,-7.1793573e-07,MAP1S,0.0,
NRXN1,0.0,-1.3275846e-07,SPICE1,0.0,2.4938881e-06
ABCC9,0.0,-5.9388125e-08,SEC24C,0.0,1.7592045e-06
IGFBP7,0.0,-1.9830482e-06,C11orf74,0.0,
TRPM3,0.0,1.2301531e-06,TYK2,0.0,
LINC00499,0.0,9.4360144e-07,PDE4A,0.0,-4.3745618e-07
RBMS1,0.0,9.94757e-07,LINC01357,0.0,
ADAM28,0.0,1.176247e-06,PIH1D1,0.0,7.6604323e-07
RGS1,0.0,,MTMR8,0.0,-8.97524e-07
USP53,0.0,6.9962374e-07,MTRNR2L8,0.0,5.7417856e-07
BAALC-AS1,0.0,1.3796794e-06,KLRD1,0.0,
CPE,0.0,9.203586e-07,HLA-DRB5,0.0,
CHI3L1,0.0,1.4088915e-06,THSD4,0.0,
LHFPL6,0.0,-1.1645296e-06,UBTF,0.0,
GMDS,0.0,-6.3838337e-07,PAWR,0.0,-1.2719348e-06
PLEKHA5,0.0,8.436818e-07,SUSD3,0.0,
PRKD1,0.0,-6.405489e-07,LINC01588,0.0,
ABCA1,0.0,1.1154982e-06,RPIA,0.0,2.7519994e-07
PDE4D,0.0,-4.1281194e-07,KCNJ3,0.0,
UBC,0.0,5.927273e-07,CT69,0.0,
GBE1,0.0,1.3877179e-06,TDP1,0.0,-1.32125e-06
FAM155A,0.0,-3.8221154e-07,NHEJ1,0.0,
PDE8B,0.0,2.178648e-07,ATRNL1,0.0,-1.9297576
AQP4-AS1,0.0,-1.994034e-06,AC092683.1,0.0,
TGFB2,0.0,-6.611171e-07,BCL2L11,0.0,
AC114971.1,0.0,8.4920555e-07,ZNF14,0.0,
AC131944.1,0.0,-3.8355202e-07,PRKD2,0.0,
RANBP3L,0.0,-1.3568608e-07,IFNLR1,0.0,
ADAMTS9-AS2,0.0,5.827211e-07,RNF20,0.0,-9.874512e-07
GALNT18,0.0,-1.7147457e-07,AL133410.1,0.0,
HPSE2,0.0,1.1780968e-06,TENM3,0.0,
TENM2,0.0,5.9020596e-07,CLEC5A,0.0,1.5291711e-06
CRISPLD1,0.0,,SLFN12,0.0,
CEMIP2,0.0,-1.2811939e-06,SNX8,0.0,
SAMSN1,0.0,1.4458794e-06,TRAM2,0.0,3.5617919e-07
CACNA1C,0.0,1.6290463e-06,SMYD2,0.0,1.7987824e-06
LDLRAD3,0.0,1.8488216e-06,RGS18,0.0,
LNCAROD,0.0,-1.4245174e-06,LIPC,0.0,
NIBAN1,0.0,-2.108142e-06,ZDBF2,0.0,4.5671024e-07
PRRX1,0.0,-1.0209264e-06,LINC01091,0.0,
MIR4300HG,0.0,1.8959045e-06,COMMD6,0.0,5.0951703e-06
TFRC,0.0,-1.0722141e-06,CLEC1A,0.0,-1.302409e-06
MCC,0.0,-5.700129e-07,CDC42EP3,0.0,
RNF144B,0.0,1.8338596e-06,CCSER1,0.0,
FAM110B,0.0,1.93759e-06,JPT2,0.0,-1.044659
MAOB,0.0,-6.3592205e-07,TMED3,0.0,-1.2102137e-06
AC002460.2,0.0,1.9791341e-07,NECAP2,0.0,1.1046682e-06
TMEM108,0.0,2.9209207e-07,STARD4,0.0,1.8045719e-07
TMTC1,0.0,-8.2134704e-07,ATP10A,0.0,
LINC00511,0.0,-5.282298e-07,IER3IP1,0.0,9.245591e-07
AC012405.1,0.0,7.7228265e-07,ARHGAP9,0.0,2.5824918e-06
PPFIA2,0.0,-1.4645319e-07,LINC00159,0.0,
EPSTI1,0.0,-3.7310272e-06,DNMBP,0.0,1.3167474e-06
PDE7B,0.0,-4.4709554e-07,SLF1,0.0,1.3254146e-06
CDH11,0.0,-4.9086065e-08,GULP1,0.0,
ESYT2,0.0,-7.01358e-08,OR3A2,0.0,
SDCBP,0.0,-3.954404e-07,AC090559.1,0.0,
EFNA5,0.0,3.0311676e-06,SPOCK2,0.0,
AC053513.1,0.0,-3.8390885e-07,TAFA4,0.0,
VCAN,0.0,9.1065607e-07,MAMDC2,0.0,
SETBP1,0.0,1.0530149e-07,L3MBTL3,0.0,
INPP4B,0.0,1.9435784e-06,COPS9,0.0,2.5856258e-07
TGFBR3,0.0,-1.4027411e-06,CHD3,0.0,
ID2,0.0,-8.731261e-07,PPIP5K1,0.0,-3.910187e-07
ZIC1,0.0,1.0186813e-07,ADAMTSL4-AS1,0.0,3.8252397e-06
CDKN1A,0.0,,GIMAP5,0.0,2.264021e-06
SLA,0.0,-4.8654346e-07,SH2D3C,0.0,-5.418766e-08
WWTR1,0.0,4.4836494e-07,RAB43,0.0,-6.148678e-07
PDGFRB,0.0,5.364229e-07,SYT1,0.0,
FAR2,0.0,-4.184568e-06,ALKBH8,0.0,
EPAS1,0.0,-4.83618e-07,PTPRN2,0.0,
C11orf96,0.0,,MTCL1,0.0,
RBPMS,0.0,1.7808865e-07,CXorf21,0.0,
SCIN,0.0,-3.0132376e-06,IFIH1,0.0,1.3092814e-06
CADPS2,0.0,1.0033082e-06,GRM8,0.0,
SLC7A11,0.0,1.0297119e-06,AL157886.1,0.0,
PLA2G4A,0.0,-8.2823584e-07,PTDSS1,0.0,1.8579847e-06
NEDD9,0.0,4.916842e-07,GMEB1,0.0,1.5286922
PRELID2,0.0,2.217763e-06,KCNMB3,0.0,
FLT1,0.0,7.034058e-07,SLC16A1,0.0,
P2RY14,0.0,7.386056e-08,HELLS,0.0,
RPS24,0.0,2.868882e-07,AC246817.1,0.0,
LINC01094,0.0,-7.511316e-07,LINC02609,0.0,
IFI44L,0.0,,FO393401.1,0.0,-2.187069e-07
EMP1,0.0,,DTX2,0.0,
HLA-DRA,0.0,-2.8530653e-06,COX17,0.0,
HSPB1,0.0,-4.4984228e-07,CBFA2T3,0.0,
TOX,0.0,-1.1535853e-06,PXDNL,0.0,
SNED1,0.0,-8.645578e-07,HSF2,0.0,0.2250269
RGS16,0.0,,SH3BP1,0.0,1.7701273e-06
TNS1,0.0,-2.116471e-07,SLC6A12,0.0,-1.5400336e-06
TNFAIP8,0.0,4.1397476e-07,AC008105.3,0.0,-2.0754728e-06
AC083837.1,0.0,,AL035587.1,0.0,
RIMS1,0.0,1.1926041e-06,SHISAL2A,0.0,
TIMP3,0.0,3.708806e-07,TRAF2,0.0,
AKAP12,0.0,-2.4799803e-07,CYTL1,0.0,
WARS,0.0,2.4123915e-06,ABCA9,0.0,2.2183926e-06
ERC2,0.0,8.7695776e-07,FXYD5,0.0,
SLC7A5,0.0,-4.5350018e-07,SLC6A15,0.0,
AC002429.2,0.0,4.2110667e-08,HPSE,0.0,
KCNN3,0.0,1.4287094e-06,AC092958.1,0.0,
KCNMB2,0.0,,VWF,0.0,
RGS6,0.0,6.8161046e-07,CCDC69,0.0,
RHOJ,0.0,5.965899e-07,AC078845.1,0.0,
BASP1,0.0,-7.864246e-08,AL121999.1,0.0,
ARHGAP18,0.0,1.3197771e-06,KCNK1,0.0,
CD14,0.0,1.1315182e-06,PDZRN4,0.0,-3.6863554
ARHGAP29,0.0,-1.4787148e-06,GUCY1A2,0.0,
CD163,0.0,6.725445e-07,CPAMD8,0.0,
AL050309.1,0.0,4.5549097e-08,BTK,0.0,2.7075185e-07
AEBP1,0.0,-4.0071828e-07,SIGLEC11,0.0,
TMSB10,0.0,-7.796733e-07,SLC38A7,0.0,-4.2783117
COL4A2,0.0,-2.9824366e-07,AC004083.1,0.0,
AGBL4,0.0,9.104204e-07,LY75,0.0,-2.932489e-06
CTSC,0.0,-7.8828504e-07,AL158071.4,0.0,
PKNOX2,0.0,2.1334135e-06,ACPP,0.0,2.5649368e-07
IL10RA,0.0,1.0944744e-06,ORAI2,0.0,
OPRM1,0.0,1.6176282e-06,ODF2,0.0,
HSPA5,0.0,-8.858554e-07,IK,0.0,
ZFPM2,0.0,1.5953078e-06,NUBP1,0.0,1.7234711e-06
FN1,0.0,,KIF20B,0.0,
PID1,0.0,-1.9666076e-07,RPH3AL,0.0,
ADAMTS17,0.0,9.67731e-07,SMIM3,0.0,4.192642e-07
RAB20,0.0,1.6555758e-06,RP2,0.0,-1.4285164e-06
WDR49,0.0,1.4355853e-06,ACSM5,0.0,
CADPS,0.0,-1.093223e-06,RAB35,0.0,
AL365295.1,0.0,7.118751e-07,ADORA3,0.0,
AC073941.1,0.0,6.4872563e-07,CAPG,0.0,
RPL19,0.0,3.0000529e-06,ITGA10,0.0,
ADAMTS9,0.0,1.8998628e-07,CLEC9A,0.0,-8.9949793e-07
GRIK1,0.0,,ST8SIA6,0.0,
RASD1,0.0,,LDB2,0.0,-1.8783406
AC002069.2,0.0,-4.9484214e-07,SGF29,0.0,-1.6584574
RPS18,0.0,1.6076619e-06,C2orf27A,0.0,
BICC1,0.0,9.4503713e-07,WAS,0.0,
KCND2,0.0,4.895349e-07,PI4K2A,0.0,1.1386845e-06
APOC1,0.0,2.0486698e-07,COLQ,0.0,-4.708808
CEMIP,0.0,,BCAS2,0.0,
CENPP,0.0,-1.0058143e-07,AHR,0.0,
DGKH,0.0,1.7560902e-06,AC015712.2,0.0,
CHCHD7,0.0,-2.4703337e-07,NANS,0.0,-5.795155e-08
AL138828.1,0.0,,SAMM50,0.0,
AC034195.1,0.0,-6.560735e-07,ENPP1,0.0,
JAK3,0.0,2.243584e-06,CTXND1,0.0,-4.8406854
DUSP1,0.0,-2.0233463e-06,SCIMP,0.0,
NFKBIA,0.0,-1.0882277e-07,KLHL29,0.0,
AC097518.2,0.0,2.807997e-06,MECOM,0.0,
SNTB1,0.0,-5.9582914e-07,CLPTM1L,0.0,-2.056926e-06
BSG,0.0,-1.1967903e-06,AP005131.6,0.0,
CLEC2B,0.0,,LONRF3,0.0,
LAMA4,0.0,-6.333923e-07,SLC37A2,0.0,-3.7931256
AC104123.1,0.0,3.0959376e-07,IRF5,0.0,
RPL12,0.0,1.8898667e-06,ZNF786,0.0,-2.9978492
IL7,0.0,,DENND1C,0.0,0.21696588
TSHZ2,0.0,-3.4769416e-06,ERAP2,0.0,1.6580175e-06
RPS11,0.0,7.912691e-07,AL592295.4,0.0,
CASP4,0.0,-3.0309961e-06,OLFML2B,0.0,
ROBO2,0.0,8.764823e-08,PDIK1L,0.0,
TTN,0.0,-7.3611136e-07,GAL3ST4,0.0,
MB21D2,0.0,4.5453217e-07,SLC15A3,0.0,
ANKRD22,0.0,,NR2F2-AS1,0.0,
MS4A4A,0.0,8.159846e-07,ZNF804A,0.0,2.243398e-06
C1QA,0.0,-2.3650973e-06,MMRN1,0.0,
FCER1G,0.0,-5.714639e-07,NLRC4,0.0,
GRIP1,0.0,-2.6971584e-06,PODXL,0.0,
SLC16A7,0.0,-9.844268e-07,KCNJ5,0.0,
SSPN,0.0,-1.6379237e-06,TMEM182,0.0,
PSTPIP2,0.0,3.9692344e-07,GPNMB,0.0,-0.586627
HMGCS1,0.0,1.6504066e-06,MFAP1,0.0,
IL15,0.0,1.0591295e-06,SAMD9,0.0,
RPL18A,0.0,3.5881782e-09,SPANXA2-OT1,0.0,
DCLK1,0.0,3.2253865e-07,MT-ND4L,0.0,-3.2012618
APOC2,0.0,5.250013e-06,FAAH2,0.0,
LY96,0.0,-1.1982413e-06,MDGA2,0.0,
NID1,0.0,1.2598837e-06,LILRB4,0.0,
TNC,0.0,-2.0917093e-06,CNTN4,0.0,
GPC6,0.0,2.284583e-06,ADGRG6,0.0,
RPS4X,0.0,-2.7358242e-06,TNFAIP2,0.0,2.5158272e-07
SLC38A1,0.0,-2.2974538e-07,NCBP2,0.0,-2.7754572e-07
SVIL,0.0,-5.743953e-07,PTER,0.0,
TPRG1,0.0,1.2968907e-06,RAB32,0.0,
RPL35,0.0,7.6505455e-07,AC097662.1,0.0,-0.877468
SYNE2,0.0,1.6207531e-06,NFAM1,0.0,
CD69,0.0,,ERG,0.0,
CCDC102B,0.0,8.218657e-07,AC002480.2,0.0,
NHS,0.0,-2.6906955e-06,PATL2,0.0,-8.015032
PFN1,0.0,1.7715415e-06,SLFN5,0.0,-0.27264374
BACE2,0.0,3.1705127e-07,HS6ST3,0.0,-1.2089474
GBP2,0.0,,AC013287.1,0.0,-4.7331405
FRY,0.0,7.530688e-07,ADA2,0.0,-4.2800474
SNHG12,0.0,,SLC1A1,0.0,
OLR1,0.0,1.1172742e-06,ITGAE,0.0,-6.7671256
C22orf34,0.0,-1.134564e-06,KSR2,0.0,-4.526121
S100A11,0.0,-1.0940659e-06,ARHGAP44,0.0,
SMAD9,0.0,-8.997995e-07,AC025164.1,0.0,
THEMIS2,0.0,2.436347e-07,ALPK3,0.0,-3.70819
RBKS,0.0,-1.9349486e-06,RCN3,0.0,
HRH1,0.0,-2.482903e-07,ZNF136,0.0,-1.448259e-06
AC104574.2,0.0,-7.972108e-07,LIPG,0.0,
COL4A1,0.0,,PRRG4,0.0,
SLC8A1-AS1,0.0,-3.5287724e-06,ZNF385B,0.0,
PPP1R3C,0.0,,KIAA1549,0.0,
GEM,0.0,,RIOK2,0.0,-0.85237545
GHR,0.0,,SASH3,0.0,-1.2646083e-06
HLA-DPA1,0.0,9.56838e-07,LINC01122,0.0,
MVP,0.0,3.3938043e-06,RCC1,0.0,
CD163L1,0.0,-5.64817e-07,ANXA3,0.0,
SLC7A1,0.0,-6.815637e-08,KNTC1,0.0,-2.1843576
ANGPT1,0.0,5.178801e-07,ELF4,0.0,
SP140,0.0,9.824337e-07,SNRPN,0.0,-0.8137523
HOMER1,0.0,1.2725704e-06,ADAMTS19,0.0,
FLVCR2,0.0,3.1166644e-06,TFCP2L1,0.0,
IL1R1,0.0,,BMP6,0.0,
AC090579.1,0.0,-9.315531e-07,UTP4,0.0,
GRM7,0.0,7.25996e-07,AC087672.2,0.0,-4.3696332e-07
AMOTL1,0.0,-4.691135e-07,ZC3H12B,0.0,
CEBPZ,0.0,8.048437e-08,EGFL7,0.0,
ZNF10,0.0,-4.2232605e-07,OPCML,0.0,-5.2587695
RERG,0.0,2.4055998e-07,LINC02147,0.0,
ABHD5,0.0,-6.321818e-07,ADGRF5,0.0,
AIF1,0.0,,NCALD,0.0,-5.9737906
GPR183,0.0,,WNT5B,0.0,-3.2317054
CALR,0.0,-1.8162261e-06,BTBD11,0.0,
ERI1,0.0,2.1403791e-07,PLXNA4,0.0,
KCNE4,0.0,,SORCS1,0.0,-3.5037367
KCNT2,0.0,2.350238e-06,BTN3A2,0.0,
EPHA5,0.0,,ABCG2,0.0,
UFL1-AS1,0.0,2.0930865e-07,CLEC19A,0.0,
RPL7,0.0,7.474384e-07,TMEM71,0.0,
ZUP1,0.0,5.859641e-07,ZNF202,0.0,-3.9700284
DCAF1,0.0,-2.43509e-07,KANK3,0.0,0.95968837
URB1,0.0,-5.494189e-07,DLGAP2,0.0,-6.309592
CP,0.0,,ZNF670,0.0,
CCDC85A,0.0,1.4618051e-06,HSD11B1,0.0,
TSHZ3,0.0,-7.132758e-07,PAQR5,0.0,-7.311236
MIR4435-2HG,0.0,-7.3847445e-08,AC002070.1,0.0,
NUDT4,0.0,,ARL11,0.0,
KIAA1549L,0.0,,SGPP2,0.0,
CERNA2,0.0,,CLDN5,0.0,
ARHGAP4,0.0,6.5768563e-07,RIMS2,0.0,-6.6478906
LINC02432,0.0,-3.0335611e-06,AL137186.2,0.0,
RNF217-AS1,0.0,-9.5561425e-08,CCNT2-AS1,0.0,
SUSD1,0.0,-1.8240432e-06,MET,0.0,
DDX31,0.0,9.053702e-07,RFPL1S,0.0,
EPHA7,0.0,,PLXDC1,0.0,
MNDA,0.0,1.0095897e-06,ANKDD1B,0.0,
ALG14,0.0,4.19149e-07,REXO4,0.0,-1.9438114
ID3,0.0,4.5332163e-07,RIPOR3,0.0,-5.764654
CD226,0.0,4.1186587e-07,GUCY1B1,0.0,
LAMC1,0.0,3.1613556e-07,LINC02381,0.0,-2.2823007
TMA7,0.0,6.0227517e-06,FHOD1,0.0,
IRF7,0.0,,TNFRSF11A,0.0,-4.315907
TRIM5,0.0,9.061169e-07,MEST,0.0,-2.5899162
ATP5MD,0.0,2.8307372e-06,SLC7A8,0.0,-6.196783
WARS2,0.0,-2.261645e-06,AC022509.2,0.0,
AC018816.1,0.0,9.927921e-07,KCNN2,0.0,-7.0775046
SNX10,0.0,-4.2331993e-07,PLAC8,0.0,
LINC01619,0.0,1.3910803e-06,NAA38,0.0,
WDR25,0.0,1.1710812e-06,CMTM8,0.0,
ZNF804B,0.0,3.1513289e-06,AC046195.1,0.0,-1.6823555
DEPP1,0.0,,MBOAT1,0.0,
MX1,0.0,1.4206752e-06,EMCN,0.0,
ACVR1B,0.0,-4.1849617e-06,AC016074.2,0.0,-5.766176
MCTP1,0.0,-1.6980022e-06,EPHA3,0.0,-1.9644879
LIN7A,0.0,-3.1938077e-06,TMEM185A,0.0,-0.36481008
IFI30,0.0,,LYAR,0.0,-1.13405
PIRT,0.0,,BTNL9,0.0,
NEDD8,0.0,9.0564816e-07,LRP5L,0.0,-0.25651294
RNF175,0.0,9.1483247e-07,FXYD6,0.0,-3.5273428
PPP1R15A,0.0,,CD34,0.0,-8.394093
ANGPT2,0.0,,FGF12,0.0,
SYAP1,0.0,5.7508373e-07,COL5A1,0.0,-6.111618
EBI3,0.0,-2.0966449e-07,MAP3K9,0.0,-6.0204444
SNAPC1,0.0,,TNFSF8,0.0,
TDRP,0.0,-1.8198799e-06,PDE1B,0.0,
RECQL,0.0,5.009692e-07,RUNDC3B,0.0,
APEX1,0.0,,TBX18,0.0,
UBA52,0.0,-1.3110341e-06,TMEM154,0.0,
TAFA2,0.0,2.1967746e-06,AC022182.1,0.0,
RPL27,0.0,-1.8855161e-06,AL590764.1,0.0,
PRDM1,0.0,-1.5495948e-06,AC008591.1,0.0,
ARHGAP20,0.0,-2.2612978e-06,SLC6A13,0.0,
FAM20A,0.0,,HLF,0.0,-3.3616168
NECTIN2,0.0,7.900352e-07,NRAD1,0.0,-9.643794
OSTC,0.0,-2.6480325e-07,ATP7A,0.0,
PPP1R3B,0.0,,PDIA4,0.0,2.3053231
MCUB,0.0,-1.9680624e-06,MAGEC3,0.0,
AL139807.1,0.0,-2.2921315e-06,CD247,0.0,-2.0512533
ALDH18A1,0.0,-4.684979e-07,MRFAP1L1,0.0,-0.8678178
HNRNPAB,0.0,-2.303375e-06,TES,0.0,
IL1B,0.0,,KCNAB2,0.0,7.888856
PNKP,0.0,-1.9968943e-06,FGF20,0.0,-7.862068
MDFIC,0.0,,RAB11FIP1,0.0,
CH25H,0.0,,AC106793.1,0.0,0.54207206
MLKL,0.0,9.311733e-07,TNFRSF10A,0.0,
TRIM36,0.0,-1.3019853e-06,ATG4A,0.0,-3.8924763
TTC39C,0.0,,LINC01725,0.0,-4.085877
DEC1,0.0,,TRIM34,0.0,
PTGR1,0.0,7.787028e-07,SEZ6L,0.0,-4.61284
MRPL20,0.0,-4.9379987e-06,HEBP1,0.0,0.028385436
EMP2,0.0,2.0721923e-06,ADGRL4,0.0,
ECT2,0.0,-5.8529384e-08,ELAVL4,0.0,
C5AR1,0.0,,LINC00649,0.0,-5.326761
RAP2C-AS1,0.0,2.3843388e-08,DUSP6,0.0,-4.41428
FGF14,0.0,,TCIRG1,0.0,-3.0346506
ABI3BP,0.0,1.9539352e-06,AC019197.1,0.0,-2.2538273
AC104365.1,0.0,,Z94721.1,0.0,-7.2406697
MR1,0.0,-6.2477955e-07,TGM2,0.0,
H2AFZ,0.0,2.9896188e-07,AL929091.1,0.0,
PCAT1,0.0,-2.7646595e-06,TAF1A,0.0,3.1858883
GPR160,0.0,5.210492e-07,TNXB,0.0,-2.4904976
STXBP5L,0.0,-1.9830232e-07,TEK,0.0,
RPL36,0.0,-1.2740308e-06,PHLDB2,0.0,
HMOX1,0.0,,LPL,0.0,-2.1780605
SULF1,0.0,-7.7319965,NOTCH4,0.0,
TIMP1,0.0,,KIAA1217,0.0,-1.4777013
ATF3,0.0,,FSTL5,0.0,-3.9601479
SH2D4A,0.0,,AC007881.2,0.0,
KLHL13,0.0,,AC061958.1,0.0,-4.444997
EZH2,0.0,,AC114757.1,0.0,-7.77966
HIST1H1E,0.0,,HIST1H4H,0.0,-7.1260715
GFPT2,0.0,-1.2527756e-06,MTUS2,0.0,-5.3385677
AL359644.1,0.0,-3.9774656,KCNQ5,0.0,
NOC3L,0.0,-1.4422652e-06,ITM2A,0.0,-5.455769
SBDS,0.0,5.900557e-07,AC021851.2,0.0,-3.7573812
LINC00571,0.0,-3.7668988e-06,TRHDE,0.0,-7.079347
DCN,0.0,6.180481e-07,CALM3,0.0,1.1690487
RPL39,0.0,-1.2591552e-06,CDKN2A,0.0,-6.026036
MX2,0.0,,EDC4,0.0,-1.6127948
ESR1,0.0,7.148787e-07,SMC2,0.0,-0.72989887
ADAMTS1,0.0,,LINC01933,0.0,-6.4764977
RRAS2,0.0,-2.8545742e-08,PRELP,0.0,-8.965731
MAFB,0.0,1.3294311e-06,ZNF616,0.0,-1.4436344
RPS21,0.0,1.6598209e-06,ANKRD33B,0.0,-2.8079774
PLXNC1,0.0,1.9463505e-06,CPA6,0.0,-7.101921
TRPC4,0.0,,RNASEH2B-AS1,0.0,3.2872682
RABAC1,0.0,2.1725036e-06,COL8A2,0.0,
CCN1,0.0,,AP1G2,0.0,-5.130338
AL079338.1,0.0,,PLS1,0.0,-6.097388
MICAL2,0.0,3.4698752e-07,GIMAP7,0.0,-3.575819
F13A1,0.0,,CYP1B1-AS1,0.0,-1.3909888
CA3,0.0,-4.4163046,ADAM33,0.0,-3.013482
EFHD2,0.0,-1.5843251e-06,AC022893.1,0.0,-3.4356263
RND3,0.0,,GPAT3,0.0,
AC009318.1,0.0,,GPR132,0.0,0.19215736
PPP1R14B,0.0,,DPEP2,0.0,-7.067186
CEACAM21,0.0,,AC087627.1,0.0,-2.1448855
MYO1G,0.0,,ITGB2-AS1,0.0,1.8167604
HES4,0.0,,HAUS1,0.0,-3.3059947
XYLB,0.0,2.2520421e-06,NET1,0.0,-3.7748322
CFH,0.0,,NR2F2,0.0,
LINC01146,0.0,,SESN2,0.0,-0.009358575
EIF4EBP1,0.0,,SLC38A11,0.0,
ANTXR2,0.0,1.679549e-06,ARHGEF28,0.0,-4.863374
NAA10,0.0,-1.238467e-06,MEG3,0.0,-8.542755
GADD45G,0.0,-4.8308215,LINC01762,0.0,-3.8902717
HERC5,0.0,4.9745756e-07,PLCXD3,0.0,
MYO7A,0.0,-8.896817e-07,TNFRSF14,0.0,-1.4456774
RPS17,0.0,,ZNF366,0.0,-4.618026
LINC01237,0.0,1.3659588e-06,PLAT,0.0,-3.165171
PRDX2,0.0,,ABCA7,0.0,-3.5627747
MMP24,0.0,-5.879718e-06,GALNT17,0.0,-7.302674
FRRS1,0.0,,FAM136A,0.0,0.23650102
SYNPO2,0.0,-5.1448956e-09,MYBL1,0.0,-3.3559442
NCF2,0.0,5.060166e-07,DNAAF2,0.0,-3.4475226
COX6B1,0.0,,TWIST2,0.0,-4.863192
AC092957.1,0.0,-9.406302e-08,AC005165.1,0.0,
AC083862.3,0.0,,OBSCN,0.0,-4.887472
DCBLD1,0.0,,NOSTRIN,0.0,-4.30388
MBOAT7,0.0,6.4838736e-07,SNTG1,0.0,-9.465621
TAF4B,0.0,-1.6919801,C12orf42,0.0,-5.6862082
AC244131.2,0.0,,RASGRP2,0.0,-3.3870618
P4HA3,0.0,,CXCL12,0.0,-2.6140835
LINC01268,0.0,1.3610968e-06,WIZ,0.0,-0.69269395
LEKR1,0.0,-3.166199,TBX3,0.0,
RHOH,0.0,1.8669427e-06,AF064858.1,0.0,-2.7242744
RASSF5,0.0,2.0282291e-06,NHSL2,0.0,-1.1738266
ALDH1L2,0.0,,P2RY8,0.0,-5.3897576
AL359232.1,0.0,,AFAP1L2,0.0,-5.7944493
TREM2,0.0,-1.6037797e-06,HCG27,0.0,-2.2711425
PDIA5,0.0,1.2119e-06,ARRDC5,0.0,-3.6254792
CYTIP,0.0,1.2457173e-07,GJC1,0.0,
CDCP1,0.0,,PSTPIP1,0.0,-5.7275925
GRIK2,0.0,,TRG-AS1,0.0,-4.61225
ATAD2,0.0,1.7192937e-06,GRIA1,0.0,-5.009427
RGS5,0.0,-1.5391873e-06,TENM1,0.0,-2.6903942
BLOC1S1,0.0,0.69376683,AP1S3,0.0,-2.2176077
CD40,0.0,,SVBP,0.0,-1.4496372
NETO2,0.0,1.959272e-06,ZSCAN31,0.0,-2.2355072
RRP15,0.0,-1.2567474e-06,PMFBP1,0.0,-4.542162
NTNG1,0.0,3.6221536e-07,P2RX1,0.0,-2.309497
ALDH1A2,0.0,,AC024084.1,0.0,-6.260906
DAB2,0.0,-9.470587e-08,ATP8A2,0.0,-4.800779
AC243960.1,0.0,,MCF2,0.0,-0.52346325
CLIC1,0.0,,HS3ST1,0.0,-2.9632924
PLIN2,0.0,0.4052633,THOC3,0.0,-2.3483424
IL21R,0.0,,LINC01010,0.0,-5.4117103
TEC,0.0,8.418125e-07,ANKRD7,0.0,-2.920843
AC007319.1,0.0,-6.0029686e-07,RANBP17,0.0,-2.2141979
TGFBI,0.0,8.2098455e-07,VEGFC,0.0,-0.67142874
FBLN1,0.0,,MFSD2A,0.0,-1.8165183
AC009950.1,0.0,2.5844674e-06,AL592429.2,0.0,-4.3262434
SNU13,0.0,1.5221497e-07,CYYR1,0.0,-7.31955
PAPSS2,0.0,-8.9328165e-07,CIT,0.0,-3.7562582
CRISPLD2,0.0,,CDKN2AIP,0.0,-3.5467658
PKN2-AS1,0.0,-4.496914,DDX49,0.0,-1.1566236
SLC36A1,0.0,-2.8257452e-06,FGD5,0.0,-4.511402
SLCO4A1,0.0,-3.1247e-06,CLIC5,0.0,-3.150883
TMEM268,0.0,,HSPG2,0.0,-3.4932172
LAMB1,0.0,,TAGAP,0.0,-1.5186113
TMC1,0.0,2.1340346,PALMD,0.0,-5.0472918
DOK3,0.0,7.0469378e-06,GALNTL6,0.0,-3.5042932
SSR4,0.0,,RTN4RL1,0.0,-6.806053
HIST1H1D,0.0,,DHX37,0.0,0.5737151
LINC00907,0.0,,SLC44A5,0.0,-2.1001449
SLC30A10,0.0,,NT5DC3,0.0,-2.4495
LINC00836,0.0,,AL022311.1,0.0,0.12415372
RPL36AL,0.0,1.6353592e-07,AC008083.3,0.0,-3.1151733
TFPI,0.0,-1.5862476e-07,MOXD1,0.0,-3.5964434
AC073529.1,0.0,-3.7920407e-07,AC005699.1,0.0,-3.798567
PRR16,0.0,,CD180,0.0,-5.2048674
VAMP8,0.0,,RALYL,0.0,-2.3826852
AL139351.3,0.0,,AC079193.2,0.0,-3.9664924
IL15RA,0.0,-1.035362e-06,SERPINF2,0.0,-5.6023235
CCDC85B,0.0,,GAS2L3,0.0,-0.8836173
AL606923.2,0.0,,LINC02812,0.0,-4.3835835
MRPS34,0.0,,P2RY11,0.0,-2.9490564
RPL22L1,0.0,,RBM15-AS1,0.0,-2.95114
IER3,0.0,,TRIM11,0.0,-2.8993273
LINC01515,0.0,-2.6722884e-07,GRASP,0.0,1.4508408
ANXA1,0.0,,ZNF93,0.0,-4.514845
OST4,0.0,,AIFM2,0.0,-1.6123645
COL23A1,0.0,,PTPN6,0.0,1.1233779
PTPN7,0.0,,AL356417.3,0.0,-3.6913922
CRIP2,0.0,-0.4900568,CDH6,0.0,-2.6368833
PXDN,0.0,-7.889628,PKIB,0.0,-1.5003903
TENT5A,0.0,1.5032784e-06,PCAT19,0.0,-4.2895684
EPHA1-AS1,0.0,-8.518004,CHODL,0.0,-7.455952
PRDX4,0.0,,AC113383.1,0.0,-5.1523256
SIGLEC5,0.0,,ADGRG5,0.0,-1.9859265
RBBP8,0.0,-2.8236028e-07,HIGD1B,0.0,-3.7666962
CYTOR,0.0,-4.8391466,TRPC3,0.0,0.78665686
ADAT2,0.0,,COL1A2,0.0,1.2146258
LINC01605,0.0,,MYT1L,0.0,-4.9730077
CALCRL,0.0,2.3461615e-07,TCF7,0.0,0.12769051
MS4A4E,0.0,,CNTNAP5,0.0,-6.072628
HSPA6,0.0,-5.6260576,AP001042.1,0.0,-4.644386
INAFM2,0.0,,SIDT1,0.0,-2.168352
FAM189A1,0.0,-4.9153457,SYT16,0.0,-3.691038
SGCZ,0.0,-0.3490579,MAP4K1,0.0,-2.7853782
CD83,0.0,-6.0701613,NAGPA,0.0,-2.0559604
BLVRB,0.0,,TBCE-1,0.0,-0.33695468
PPP4C,0.0,3.8790853e-07,ICAM2,0.0,-3.0719595
MPP1,0.0,,AC027097.1,0.0,-0.97984385
LINC01500,0.0,,CCDC73,0.0,-2.7221305
CSNK2B,0.0,-3.7519393e-07,CCDC134,0.0,-0.05613481
AUXG01000058.1,0.0,,AC007681.1,0.0,-3.452107
LINC02611,0.0,-8.6193705e-07,PAK3,0.0,-2.0056832
SLC39A8,0.0,1.0934458,IFIT2,0.0,-0.714188
SAP18,0.0,,AC099489.1,0.0,-0.41254666
SNRPD2,0.0,-3.970828,AC004889.1,0.0,0.21777855
TOMM40,0.0,-3.3475233e-06,NBEAL2,0.0,-0.7304489
S100A10,0.0,-4.6938295,LIMS2,0.0,-4.7682157
THBS1,0.0,,ITGA11,0.0,-3.8413787
LILRB3,0.0,,RUVBL2,0.0,-1.0160602
NR4A3,0.0,-6.913994,CPXM2,0.0,-2.3636239
GCH1,0.0,,LAMC3,0.0,-2.3636148
JAG1,0.0,,KIAA1324,0.0,-3.146904
TNFAIP3,0.0,,CNTN3,0.0,-4.242533
TESC,0.0,-0.42727226,HHEX,0.0,-2.0172064
FGR,0.0,-1.3212752e-06,GPR158,0.0,-1.4010736
SYN3,0.0,-0.36723194,AD000090.1,0.0,-3.9698474
HLA-DQB1,0.0,3.513699e-07,JCAD,0.0,-2.4618328
EDNRA,0.0,,ABCC3,0.0,-3.5880451
AL590807.1,0.0,-4.135673,HCN1,0.0,-3.0870314
CYP1B1,0.0,,AMPH,0.0,-0.12818085
ABCA10,0.0,,AC012409.2,0.0,-0.5541327
SRPX2,0.0,-4.132113,DDX54,0.0,-0.87132156
MAFF,0.0,,STARD8,0.0,0.45934257
ROR2,0.0,,SAMD13,0.0,-3.5011308
COL4A3,0.0,3.351107e-06,OTUD1,0.0,-2.3337443
ZNF385D,0.0,,MAP3K7CL,0.0,-2.8826232
AURKAIP1,0.0,-1.9575453,OSBPL10,0.0,-1.198785
STEAP4,0.0,-6.595077,GABRB2,0.0,-3.389009
TRAF5,0.0,1.0661895e-06,HIST1H4C,0.0,-3.3492336
TIFA,0.0,,TNR,0.0,-2.2484584
OSCAR,0.0,,IL20RB,0.0,-3.9801962
PHLDA1,0.0,,TM4SF18,0.0,-4.3192773
KITLG,0.0,,AP001059.2,0.0,-2.7799373
H1F0,0.0,-1.2038394,UCHL1,0.0,-2.6239889
IRS1,0.0,-3.3830895,ITPR3,0.0,-3.229939
LINC00378,0.0,-7.3140874,BISPR,0.0,-3.1979795
CTNNAL1,0.0,2.6386347,TMC3-AS1,0.0,-3.1339922
SEMA6B,0.0,,GNLY,0.0,-1.37859
MYO1B,0.0,-6.39125e-08,C8orf34,0.0,-1.8539418
TUBB6,0.0,,AL157911.1,0.0,-0.14939551
PGGHG,0.0,-5.40453,ABCB4,0.0,-2.0086303
HMGB2,0.0,,PLEKHG5,0.0,-1.9719303
HERC6,0.0,-0.62376523,PLVAP,0.0,-2.2802064
RELB,0.0,,STX11,0.0,-1.2669778
SLC17A9,0.0,,EDN1,0.0,-2.7710168
CALCB,0.0,2.3272972,MAP3K21,0.0,-4.299403
NCF4,0.0,,LINC02208,0.0,-3.3151727
AC021594.2,0.0,,LHFPL3,0.0,-3.4463663
ATP6V1F,0.0,,DUSP27,0.0,-4.39381
AC100849.1,0.0,-3.4638367,ATP2A3,0.0,-3.4727159
NOP2,0.0,-5.5399903e-07,PLCB3,0.0,-3.7015944
ACSL5,0.0,3.0888947e-07,SERPINB9P1,0.0,-4.1144495
PPIF,0.0,-5.7502284,AL627316.1,0.0,-1.4918736
FRMPD4,0.0,2.8325758e-06,IGF1,0.0,-4.4303017
NDUFAB1,0.0,-0.79879916,AL390066.1,0.0,-4.3853283
UBL5,0.0,-4.0734224,TM4SF1,0.0,-1.8152848
NUP37,0.0,,SHE,0.0,-2.603634
C19orf53,0.0,-7.825028,LINC02627,0.0,-1.4402947
FES,0.0,,TTC26,0.0,-1.005104
TUBB4B,0.0,,CCDC124,0.0,1.2898867
GABRE,0.0,,MTRNR2L10,0.0,-2.9630587
ANXA2,0.0,-1.3839993e-06,BAIAP2L1,0.0,-2.1999676
CHRM5,0.0,-3.1021807,ELK1,0.0,-1.6694871
AL390957.1,0.0,,AC015845.2,0.0,-4.238449
RGS2,0.0,,ALDH3B1,0.0,-1.1523286
H1FX,0.0,0.18079263,KIRREL1,0.0,-0.77217263
PRXL2C,0.0,-1.5502977,AC110995.1,0.0,-2.3434675
SLC9A7,0.0,-0.93896383,PARP15,0.0,-1.9641535
NELL2,0.0,-2.6902924,TACC3,0.0,-1.0325549
RDH10,0.0,-5.6049805,FBXO41,0.0,-0.21181473
PDCD1LG2,0.0,,LMCD1,0.0,-1.6277778
GPATCH4,0.0,-4.352655,A1BG-AS1,0.0,-1.0237434
NSMCE3,0.0,,IL27RA,0.0,-3.8509946
NDUFA4L2,0.0,,LINC02172,0.0,-3.6407833
ANAPC11,0.0,-2.499798,PPM1N,0.0,-3.322811
NOD2,0.0,-7.564648,AP001924.1,0.0,-2.6476855
AL035446.2,0.0,-6.359004,IFIT1,0.0,-1.6196764
SULF2,0.0,-5.721283,THEMIS,0.0,-0.60879785
AC090578.1,0.0,-1.3650675,ISYNA1,0.0,-1.7764282
C11orf24,0.0,,RASIP1,0.0,-3.9728148
GSDMD,0.0,-2.1406098e-08,AP001037.1,0.0,-3.3956406
PSMB10,0.0,-4.749041,TIE1,0.0,-3.7932606
COL4A4,0.0,-3.314929e-07,ADCY4,0.0,-3.246891
SUSD4,0.0,-2.2614517,AC087273.2,0.0,-2.8617501
PSME1,0.0,,CLVS1,0.0,-2.506343
FANCM,0.0,,SLFN12L,0.0,-0.09001819
GALNT3,0.0,-3.34765,ARMC7,0.0,-3.2064178
COL5A2,0.0,-1.4611077,ST8SIA5,0.0,-2.2670398
AL109930.1,0.0,-2.7896304,CDH5,0.0,-3.2376237
SELL,0.0,-7.2905726,ALPL,0.0,-2.347567
MCTP2,0.0,,NOA1,0.0,-0.9943134
HMGN4,0.0,-2.8935063,XKR4,0.0,-1.6793654
CCDC88C,0.0,-0.7317454,TPM2,0.0,-1.9281168
LINC00884,0.0,-6.8125362,TXK,0.0,-0.995918
BTBD19,0.0,,BTN3A3,0.0,-1.3536764
COX14,0.0,-6.5943074,LINC02641,0.0,-2.5155048
ADAMTSL4,0.0,,LINC02591,0.0,-2.417161
DOK6,0.0,-3.2046242,GRM5,0.0,-2.3813677
RAP2B,0.0,,CAVIN2,0.0,-2.655654
C12orf57,0.0,-1.924274,AC020703.1,0.0,-0.15740044
TBX15,0.0,,PRPS2,0.0,1.1132821
C1RL-AS1,0.0,-4.2236404,CLDN7,0.0,-3.18232
SSTR2,0.0,-0.55347884,TMEM44,0.0,-2.7140949
TNFRSF10C,0.0,-5.0628314,PTPN22,0.0,-1.9720471
SLC25A30,0.0,-1.0630052,LINC02542,0.0,-0.38833848
LINC02100,0.0,-2.8581188,GATA2-AS1,0.0,-3.71524
PKD1L1,0.0,-1.9572567,TDRD10,0.0,-2.6621792
NOTCH3,0.0,1.0379286,SCN2A,0.0,-3.9854715
AC139720.1,0.0,-2.7937217,HCG11,0.0,-2.7990236
AC018618.1,0.0,-2.63757,PLA2R1,0.0,-1.4618533
GGT5,0.0,-3.7958117,FOXC1,0.0,-0.52328575
ADAMTS6,0.0,-1.9954847,ABO,0.0,-3.6208067
HIST1H1C,0.0,-4.059392,KLF11,0.0,-2.6026375
AL359546.1,0.0,-1.1378684,BMF,0.0,-2.3532476
MMP16,0.0,3.1305304,HIGD1C,0.0,0.09793156
C7,0.0,-6.742275,PROX1-AS1,0.0,-2.8072948
NOP10,0.0,-4.2811356,SYN2,0.0,-2.6043594
RAB38,0.0,-8.012272,LZTS1,0.0,-0.38970527
LINC01001,0.0,-11.642061,SCN1A,0.0,0.25162184
ECM2,0.0,-6.205205,VWC2,0.0,-2.661927
MYO16,0.0,-1.6459903,SLC4A10,0.0,-3.379082
TAGLN2,0.0,-8.422768,OVCH1-AS1,0.0,-2.0882132
AC013652.1,0.0,-3.1567433,HYAL2,0.0,0.033442173
S1PR3,0.0,-3.5358608,NES,0.0,-2.6330595
AL096854.1,0.0,-4.171868,SPAAR,0.0,-3.543201
IL18R1,0.0,-4.6541705,GABRR2,0.0,-2.4452178
RASGRP1,0.0,-0.7301706,ADGRA2,0.0,-2.8246894
DENND2D,0.0,-5.2652698,SAMD5,0.0,-1.5823128
MMP14,0.0,-3.0947702,MEG8,0.0,-0.7780427
FGF13,0.0,1.5235901,ALOX15B,0.0,-1.2705534
COL25A1,0.0,-2.445481,NCMAP,0.0,-0.9764341
FAP,0.0,-1.324901,LINGO2,0.0,-1.9001249
PRICKLE1,0.0,,PRR11,0.0,-2.0570967
CLSTN2,0.0,0.516059,CELF4,0.0,-1.513687
AC011287.1,0.0,-3.0158,AKR1C1,0.0,-1.5778534
MYD88,0.0,-5.4834595,AP002807.1,0.0,-0.3451554
FHL2,0.0,-6.458771,RINL,0.0,-2.5113945
IFI27,0.0,-3.467093,LINC01197,0.0,-2.581511
BX284613.2,0.0,-2.549115,CAV1,0.0,-2.5609808
IGFBP5,0.0,-2.1012325,PRDM8,0.0,-2.910404
STAT4,0.0,-5.834243,CCDC61,0.0,-1.3487056
NME4,0.0,-1.2397584,LRFN5,0.0,-0.7877091
AC019130.1,0.0,-2.4882193,DEPDC1B,0.0,-2.9375148
COL6A2,0.0,-4.7290816,RGS7BP,0.0,-1.8411275
FHAD1,0.0,-4.6365995,DAXX,0.0,-1.1408787
BRCA2,0.0,-2.4395685,CHRM3,0.0,-2.2092953
HYOU1,0.0,-2.2331204,LINC01356,0.0,-2.4048827
CNTN5,0.0,-0.46145552,MYOCOS,0.0,-2.0450406
AC007563.2,0.0,-1.9681773,NTN4,0.0,-0.074215785
AXIN2,0.0,0.7226636,LINC01151,0.0,-2.9498606
C5orf17,0.0,-3.2072036,FFAR4,0.0,-2.79049
FPR3,0.0,-5.26137,NOX4,0.0,-2.2839303
NR4A1,0.0,-1.0640848,HFE,0.0,-0.97266555
FMO2,0.0,-1.9868932,AC104530.1,0.0,-0.7433635
OAS3,0.0,-4.7128825,AL356108.1,0.0,-1.6875557
NRL,0.0,-1.3599602,RAMP3,0.0,-1.3554945
SLC35F2,0.0,-6.460139,STK26,0.0,-1.7215946
CRYBG1,0.0,-1.3200262,AC097528.1,0.0,-0.84739256
CARMN,0.0,-0.91640794,GLRA2,0.0,-2.299994
TUSC3,0.0,-0.3986914,R3HDM4,0.0,-0.14205916
COL15A1,0.0,-5.3189297,JAG2,0.0,-0.23676318
APRT,0.0,-4.878769,HMCN1,0.0,-2.3032148
AC007402.1,0.0,-2.6882834,ST8SIA6-AS1,0.0,-2.022959
SATB1-AS1,0.0,-0.67058444,LINC01191,0.0,-1.965757
COL12A1,0.0,-2.071467,NMNAT2,0.0,-2.1779494
LTBP2,0.0,-1.8458626,TMEM132D,0.0,-1.5950184
JPT1,0.0,-3.3775077,PSMC3,0.0,-0.4517071
RSAD2,0.0,-2.6807127,AC012360.3,0.0,-0.10636704
DUSP5,0.0,-5.533193,AC022784.1,0.0,-0.7564
TPTE2,0.0,-0.656387,ACVRL1,0.0,-2.2527454
IGFBP4,0.0,-6.204048,TEX41,0.0,-0.25655475
SERPINE1,0.0,-0.9581236,PROM1,0.0,-1.4501022
LINC02389,0.0,-1.7646803,AC084816.1,0.0,-1.540245
SDF2L1,0.0,-4.3881283,TSPAN18,0.0,-1.7728368
ESRRB,0.0,-2.6873317,EYA4,0.0,-1.3882387
TIMM8B,0.0,-1.0212289,ADCY1,0.0,-0.2948716
ADAMTS12,0.0,-2.0265865,STAC3,0.0,-0.001082619
AC002074.1,0.0,-4.09384,AC124854.1,0.0,-0.9379337
ARL4C,0.0,-0.62919015,AC104041.1,0.0,-0.832665
PDGFRA,0.0,-4.9446177,TNFRSF19,0.0,-0.7257255
THSD7B,0.0,-3.3440976,LRRC32,0.0,-0.12472418
TMUB1,0.0,-2.078735,AFAP1L1,0.0,-1.9992468
AL162493.1,0.0,-5.214942,ITGBL1,0.0,-1.5829266
AC010149.1,0.0,,AP001636.3,0.0,-0.43749684
DNAH6,0.0,-1.2952144,KCNC2,0.0,-2.0535085
AC079298.3,0.0,-0.016583437,CDH18,0.0,-1.2553779
AL138756.1,0.0,-3.455842,SLC25A25-AS1,0.0,-1.6691493
PBX4,0.0,0.13349532,CCDC9B,0.0,-1.166276
CSF2RB,0.0,-7.5727577,KCNH7,0.0,-1.6028934
FILIP1,0.0,-0.5987582,SOX18,0.0,-1.867248
PSENEN,0.0,-2.5205579,CCDC36,0.0,-1.8020619
AC109492.1,0.0,-4.6750913,AC010186.3,0.0,-2.1030798
GLRX5,0.0,-1.6986028,PLSCR2,0.0,-1.3952223
ASS1,0.0,-2.039412,AL136441.1,0.0,-1.301432
DNAH14,0.0,-3.0651336,ARHGAP11B,0.0,-1.2914094
NFKB2,0.0,-1.7095927,GABRG3,0.0,-1.7802693
GNG4,0.0,-1.2071509,IGF2BP2,0.0,-1.3611058
ASPN,0.0,-3.5496297,SRARP,0.0,-1.5836028
CXCR4,0.0,-2.7255673,LGALSL-DT,0.0,-1.47625
TUSC2,0.0,-1.9252049,ALDH16A1,0.0,-0.37620327
EIF3G,0.0,-1.6328732,PTPRT,0.0,-1.2129949
ITGA4,0.0,-3.541957,ANKRD44-IT1,0.0,-2.1936443
COL6A3,0.0,-4.969574,ZMYND15,0.0,-2.1399539
RUNX3,0.0,-0.6408839,AC016152.1,0.0,-2.2137306
AP000943.2,0.0,-0.21719441,HECW1,0.0,-0.96434623
SF3B5,0.0,-2.1415417,SLC16A12,0.0,-0.7877941
SLC6A17,0.0,-4.5327287,AC080132.1,0.0,-1.8421799
AC007780.1,0.0,-2.349076,PPP1R14C,0.0,-2.3283527
AC010978.1,0.0,-6.92101,BICDL1,0.0,-1.2490528
CALHM6,0.0,-6.453611,TSPAN32,0.0,-2.4106314
OMD,0.0,-3.203087,CNGA1,0.0,-2.2020383
AC002546.1,0.0,-3.1549017,PGR,0.0,-1.8296833
AL158055.1,0.0,-0.25314003,CLEC17A,0.0,-2.3317091
SH3GL2,0.0,-1.3339642,ADORA2A,0.0,-2.1534784
PLAC9,0.0,-1.8552926,FRAS1,0.0,-1.365329
CD2BP2,0.0,-1.5334121,CLCA4-AS1,0.0,-1.7749826
SKAP1,0.0,-2.9170609,PRX,0.0,-1.7723066
ERVMER61-1,0.0,-1.6652168,SLC25A21,0.0,-1.1258323
CSTF2T,0.0,-0.022722425,AC106795.3,0.0,-0.8302467
AC009226.1,0.0,0.6732044,IKZF3,0.0,-0.6466399
SLC16A10,0.0,-2.2364993,BNIP1,0.0,-0.6809901
CLMP,0.0,-1.2824769,PNPO,0.0,-0.20065989
TNFRSF21,0.0,-1.192338,TRPC6,0.0,-0.41422692
IL1RL1,0.0,-3.5494585,TMIGD2,0.0,-2.6736395
KCNJ8,0.0,-3.5970533,MND1,0.0,-1.7424701
COL8A1,0.0,-2.597482,SLC66A1,0.0,-0.8938823
TAGLN,0.0,-2.6847365,TMEM45A,0.0,-0.35929507
BTN2A2,0.0,-1.4528137,PKN3,0.0,-1.8954985
LINC01482,0.0,-1.5056348,DTHD1,0.0,-0.96855295
OGN,0.0,-4.4953346,GPR176,0.0,-1.229587
IL1A,0.0,-2.3918228,AL359220.1,0.0,-1.87398
SLC24A1,0.0,-0.94153935,CYB561,0.0,-1.1984539
AC064875.1,0.0,-1.9413893,GLMP,0.0,-0.38215292
C4orf45,0.0,-5.9833736,KDR,0.0,-2.1621265
ENPEP,0.0,-2.9129987,JAZF1-AS1,0.0,-2.1734123
BATF,0.0,-3.3119256,FBLN5,0.0,-0.6418441
CD320,0.0,0.35698313,LINC00968,0.0,-2.3784513
LINC02664,0.0,-0.8484107,TEX30,0.0,-1.4807403
HLA-DOA,0.0,-1.4938838,LAT,0.0,-1.566513
IFITM10,0.0,-1.0200776,ARMCX5,0.0,-1.0337893
DISC1FP1,0.0,-2.330855,REEP4,0.0,-0.48610175
CASP5,0.0,-3.2754502,A1BG,0.0,0.2026543
AL356356.1,0.0,-1.58014,PARM1,0.0,-1.5295156
KCNN4,0.0,-3.4652255,AC027288.3,0.0,-1.5895898
EMILIN2,0.0,-2.6772442,AC018742.1,0.0,-1.093985
CYSLTR2,0.0,-0.7024679,LINC01250,0.0,-1.2865154
TWF2,0.0,-0.80618095,AC008875.3,0.0,-1.7002225
AC068286.2,0.0,-0.31720835,MFSD9,0.0,-0.94063705
RMDN2-AS1,0.0,-0.8467763,CENPB,0.0,-1.182992
AL355612.1,0.0,-0.7720127,OLFM3,0.0,-1.8027852
MSC-AS1,0.0,-0.76879233,KMO,0.0,-1.9973296
CCDC71L,0.0,-1.2259852,PCNA,0.0,-1.2556268
SAMD3,0.0,-1.0810235,AC009522.1,0.0,-0.6262507
PCDH18,0.0,-3.0343888,TMEM121B,0.0,-0.4692424
AP000240.1,0.0,-3.5871954,CCN2,0.0,-1.4084193
ACAP1,0.0,-1.124328,LINC02576,0.0,-1.023346
SNHG26,0.0,-0.4473033,PCSK1N,0.0,-0.3859085
LINC01322,0.0,0.019179989,TINAGL1,0.0,-1.8472793
AL133259.1,0.0,-1.6102946,NOS3,0.0,-1.6862682
BANK1,0.0,-0.51312923,AC100858.3,0.0,-2.02609
SLC2A6,0.0,0.25386393,PELO,0.0,-0.15957302
DNASE1L1,0.0,-0.9530651,FOXD1,0.0,-2.0161066
SLC22A3,0.0,-0.048499443,FENDRR,0.0,-1.6285163
SLAMF8,0.0,-3.0440495,AC073332.1,0.0,-0.7503047
GRIN2B,0.0,1.1116362,VSNL1,0.0,-0.63862944
EMC9,0.0,-1.4290746,LTB4R,0.0,0.14138366
ABCA9-AS1,0.0,-1.2558619,AC015802.4,0.0,-1.1729751
WAKMAR2,0.0,-0.22823265,AL136962.1,0.0,-0.19727895
AC132803.1,0.0,-1.1308175,NEFM,0.0,-1.8099898
SMOC2,0.0,-1.6315767,CPLX1,0.0,-1.545617
FBXO6,0.0,-1.1443433,SHISA9,0.0,-0.55654544
IL12RB2,0.0,-0.8852927,AL161443.1,0.0,-1.280834
DDX41,0.0,-2.282808,ENC1,0.0,-1.3306509
LINC01426,0.0,-3.5560782,CPS1,0.0,-0.58333105
ADGRE1,0.0,-3.3311648,ADAMTS8,0.0,-1.6184105
CD96,0.0,-1.3712119,SCN3A,0.0,-1.5937402
SNX20,0.0,-1.1036482,NRGN,0.0,-0.9625646
LINC00924,0.0,-0.88258535,GPR157,0.0,-1.4505252
PCOLCE,0.0,-0.53304684,PCSK2,0.0,-1.243329
AL589693.1,0.0,-0.12875998,AC073115.2,0.0,-1.890433
AC137770.1,0.0,-0.23237433,TCERG1L,0.0,-1.5238105
RRAD,0.0,-1.7201594,LSR,0.0,-1.212144
AC004817.5,0.0,-2.0038145,AP001341.1,0.0,-0.7529679
IGFBP2,0.0,-1.8799723,POLE3,0.0,-1.209785
PDLIM1,0.0,-2.0843198,LBH,0.0,-1.1184497
KANSL1-AS1,0.0,-0.8258532,PGR-AS1,0.0,-1.4712288
SFTA1P,0.0,-2.3495517,RBM20,0.0,-0.9688212
SLC16A6,0.0,-1.3596553,PIK3CD-AS2,0.0,-0.5792314
AC092131.1,0.0,-1.986361,MICB,0.0,-0.7188294
AC011476.3,0.0,-0.19601399,NEFL,0.0,-1.1528839
KCNG2,0.0,-1.6510997,PCDH11X,0.0,-0.6968517
LILRB2,0.0,-1.3043698,ASIC2,0.0,-0.44866785
CCK,0.0,-0.43093276,Z96074.1,0.0,-0.7869456
PKP2,0.0,-0.66645324,LINC02580,0.0,-0.78387845
C1QTNF1,0.0,-0.7572624,SCN9A,0.0,-1.1425925
SORCS3,0.0,-0.46026233,TEX29,0.0,-1.5355281
FBP1,0.0,0.033616956,GEMIN7,0.0,-1.1663543
TEX14,0.0,-0.012439075,TMC4,0.0,-1.1865363
ACADL,0.0,-1.1799396,NRG1,0.0,-0.45069802
DUSP23,0.0,-1.4435501,CA4,0.0,-0.86024886
MTX1,0.0,-0.98172516,SLC22A1,0.0,-0.9547162
PTGIR,0.0,-1.3602766,AP001372.1,0.0,-1.1931303
MRPL28,0.0,-0.5040003,RAB3C,0.0,-0.89034665
AL359979.1,0.0,-2.4868546,SYNPR,0.0,-0.9760814
TBX2,0.0,-1.7610178,AC000082.1,0.0,-1.4065751
LINC01344,0.0,0.043305866,ANKRD30BL,0.0,-0.7299452
HTR7,0.0,-2.2237701,PDGFD,0.0,-0.7594576
AC011246.1,0.0,-0.8393994,AC024901.1,0.0,-0.5738684
JMJD8,0.0,-0.18948007,LINC00970,0.0,-0.28103638
C5orf34,0.0,-0.16693872,CHRNA7,0.0,-0.5154957
AC022126.1,0.0,-0.65415114,NID2,0.0,-0.78408873
CCN4,0.0,-1.1405373,HIF1A-AS1,0.0,-0.5655428
PPM1M,0.0,-0.67380345,KLF4,0.0,-0.30610394
APOL1,0.0,-0.8752224,SCARF2,0.0,-1.2729647
VMO1,0.0,-1.7254062,DACH2,0.0,-0.83925647
COL13A1,0.0,-0.9569897,BIRC3,0.0,-0.49646834
MGP,0.0,-1.5470567,TMEM159,0.0,-1.4373646
ABRACL,0.0,-0.1916401,STMN2,0.0,-0.8002421
ISG15,0.0,-1.0462226,LNX1,0.0,-0.9766588
PARPBP,0.0,-1.3153796,SLA2,0.0,-1.099294
LINC02458,0.0,-0.68418795,LINC02511,0.0,-0.75811243
S100A4,0.0,-0.0774261,AL033504.1,0.0,-0.5145471
AL031595.2,0.0,-1.5693794,CFD,0.0,-0.8761673
CST7,0.0,-1.3567135,AKR1C2,0.0,-0.5223227
HIST1H2BH,0.0,-2.1456914,SLC5A4-AS1,0.0,-0.8103331
Z97192.3,0.0,-0.9544637,AL390860.1,0.0,-0.84513485
CD7,0.0,-1.630787,ISM1,0.0,-0.62734777
RIMKLA,0.0,-0.41216284,SLC35F4,0.0,-0.15205961
SIGMAR1,0.0,0.07019431,NXPH1,0.0,-0.4145089
AC009313.1,0.0,-1.353025,FALEC,0.0,-1.1499935
AL355916.1,0.0,-0.0811944,CD36,0.0,-0.9756044
TC2N,0.0,-1.0916172,NYAP2,0.0,-0.92066616
ITGA8,0.0,0.103429064,DEGS2,0.0,-0.9290236
LINC01876,0.0,-1.466062,ZNF524,0.0,-0.6346653
ITK,0.0,-0.9498726,AGAP2,0.0,-0.71491987
SIGLEC1,0.0,-1.1510861,HAVCR1,0.0,-0.44764495
PTH2R,0.0,-0.0589465,AP001059.3,0.0,-0.14179033
LINC02316,0.0,-0.761208,CRNDE,0.0,-0.60507584
AC119396.1,0.0,-0.3886074,PPP1R1C,0.0,-0.8643889
SEPTIN4-AS1,0.0,-0.31907204,MOV10L1,0.0,-0.90463823
FBLIM1,0.0,-1.4663403,LINC02315,0.0,-0.60284615
TP63,0.0,-0.93879485,NELL1,0.0,-0.20493673
AC106729.1,0.0,-0.20472434,CYP19A1,0.0,-0.93392366
LSP1,0.0,-0.17253156,AC092155.1,0.0,-0.91176635
AL445213.2,0.0,-1.1469314,CPNE4,0.0,-0.3823955
AC004687.1,0.0,-0.6997823,ZNF185,0.0,-0.376926
RABGGTA,0.0,-0.5490808,KCNE1,0.0,0.013217727
MPZ,0.0,-0.34398994,HSPA12B,0.0,-1.1923004
PTGER4,0.0,0.15999766,CSPG4,0.0,-1.2517879
AL136456.1,0.0,0.17251214,VNN2,0.0,-1.229334
KCNK2,0.0,-0.28524154,SOX7,0.0,-0.76863205
BCL11B,0.0,-0.61949074,ZNF367,0.0,-0.8526379
LINC00861,0.0,-0.5988442,AC105345.1,0.0,-0.58433473
RGS14,0.0,-0.5933256,BRIP1,0.0,-0.5009064
LINC00276,0.0,-0.006706772,NUSAP1,0.0,-0.40963727
SPON2,0.0,-0.54738224,AL355838.1,0.0,-0.82822895
CR1,0.0,-0.35472575,CACNG2,0.0,-0.7440543
MEA1,0.0,-0.057420496,GLYATL2,0.0,-0.9190958
LRRC25,0.0,-0.60669464,DOCK8-AS1,0.0,-1.1802605
MEI4,0.0,-0.13088927,SAMMSON,0.0,-0.30527943
PWRN1,0.0,-0.316339,HEYL,0.0,-0.38305807
LINC01934,0.0,-0.5245016,PERP,0.0,-0.9630638
FOSL1,0.0,0.092938006,BEX1,0.0,-0.74421316
CCL4,0.0,-0.8932797,TRIM46,0.0,-0.9339567
CENPK,0.0,-0.6879307,AC073569.2,0.0,-0.06376371
GPR4,0.0,-0.02797477,ADAMTS2,0.0,-0.6909689
GJA4,0.0,-0.6622097,RAMP2,0.0,-0.38229352
MLPH,0.0,-1.0954527,LILRB5,0.0,-0.69242287
NT5DC2,0.0,-0.019051397,SNTG2,0.0,-0.5715082
MT-ND6,0.0,-0.7574939,RWDD2B,0.0,-0.9558234
FCGR2B,0.0,-0.24695309,C6orf163,0.0,-0.8399413
FCAR,0.0,0.10465474,RNF207,0.0,-0.42097303
AC007877.1,0.0,-1.2220558,SCHLAP1,0.0,-0.2105217
GPC3,0.0,-0.22764489,AC083949.1,0.0,-0.2726889
FBLN2,0.0,-0.3749401,AC114689.3,0.0,-0.4366985
ANO3,0.0,-0.67189085,FAM72A,0.0,-0.48956314
COL24A1,0.0,-0.3561654,LINC01693,0.0,-0.79344225
GAP43,0.0,-0.35730216,AFF2,0.0,-0.66150963
ZWILCH,0.0,0.05995066,SLC38A5,0.0,-0.96122295
AC135893.1,0.0,-0.07694338,AC007448.4,0.0,-0.8268517
LINC02343,0.0,-0.2775366,RGS4,0.0,-0.6968541
PTGIS,0.0,-0.060076687,FAM162B,0.0,-0.37648293
LINC02694,0.0,-0.14191721,KCNB2,0.0,-0.5978033
AC103740.1,0.0,0.13791946,TMEM45B,0.0,-0.8316301
IL7R,0.0,-0.24661322,GLT1D1,0.0,-0.6440802
LINC02320,0.0,-0.6754043,RPA4,0.0,-0.8711779
CCL5,0.0,-0.7744247,AC079380.1,0.0,-0.72977567
AC078923.1,0.0,-0.41156414,C2orf83,0.0,-0.6279582
AL121917.1,0.0,0.20352356,ZNF215,0.0,-0.7031403
PYHIN1,0.0,-0.7653296,AC087280.2,0.0,-0.14202243
GFER,0.0,-0.3657871,NNMT,0.0,-0.17916434
SLIT3,0.0,0.1871649,CORO2A,0.0,-0.489289
TNF,0.0,-0.72087026,AC008083.2,0.0,-0.44321653
AC016766.1,0.0,-0.30351445,CPLX2,0.0,-0.45155972
AC005253.1,0.0,-0.17020145,MPND,0.0,-0.38936782
AL109613.1,0.0,0.20937616,MATK,0.0,-0.7605259
LINC02058,0.0,-0.115120456,TOR4A,0.0,-0.65295625
TENT5C,0.0,-0.47963938,ARHGAP28,0.0,-0.24110027
SLAMF6,0.0,-0.42061603,LINC01483,0.0,-0.3771756
COL3A1,0.0,-0.6248611,CD3EAP,0.0,-0.67049307
MYOZ2,0.0,-0.5281085,BX890604.2,0.0,-0.5121026
C8orf58,0.0,0.14948702,HOXB3,0.0,-0.77992976
NKG7,0.0,-0.6012991,LINC02055,0.0,-0.34618258
CKS2,0.0,-0.2125354,TMEM252-DT,0.0,-0.74824756
GBP5,0.0,-0.5401217,WDR86,0.0,-0.25270653
AC147651.4,0.0,-0.5186323,AL357507.1,0.0,-0.22866344
AC104248.1,0.0,-0.30952078,AL591368.1,0.0,-0.09791944
VGLL3,0.0,-0.62361026,BST1,0.0,-0.28397956
TRABD2B,0.0,-0.4538834,CDHR1,0.0,-0.57905596
GRAP2,0.0,-0.3698487,AC093895.1,0.0,-0.15638803
AC009975.1,0.0,-0.2600821,ERP27,0.0,-0.19855143
ADAM8,0.0,-0.34130785,RCAN3AS,0.0,-0.6309381
AL591501.1,0.0,-0.015160719,PLAC1,0.0,-0.4749366
IRGM,0.0,-0.49212998,TXLNB,0.0,-0.43973285
VIT,0.0,-0.0089373,MEIS3,0.0,-0.49091113
AC068989.1,0.0,-0.39103186,AL355336.1,0.0,-0.48649254
RGPD2,0.0,-0.30575812,FGF7,0.0,-0.31693152
AL096794.1,0.0,0.043338314,TPBG,0.0,-0.51606184
AC007879.3,0.0,-0.5124609,SLFN13,0.0,-0.42358956
ZNF831,0.0,-0.1733683,CLSPN,0.0,-0.35502872
KNL1,0.0,-0.23483007,NBPF20,0.0,-0.4491121
AC005224.2,0.0,-0.45008716,AC093525.4,0.0,-0.5617842
LINC02008,0.0,-0.02442667,MAP7D2,0.0,-0.47425535
KLRK1,0.0,-0.21577473,AC104506.1,0.0,-0.34253544
EPHX4,0.0,-0.40000013,AL359555.4,0.0,-0.18262304
CITED2,0.0,-0.00015534759,AL591115.1,0.0,-0.14890294
BBS12,0.0,0.10123203,AL353147.1,0.0,-0.32350728
AC073114.1,0.0,-0.34950796,EHMT2-AS1,0.0,-0.38432702
IGKC,0.0,-0.66912395,AC105094.2,0.0,-0.37271452
PLCXD2,0.0,-0.1550411,SLC6A20,0.0,-0.39152482
AC005840.2,0.0,0.051562376,HS6ST2,0.0,-0.32561722
TCIM,0.0,-0.061235916,AC113386.1,0.0,-0.32088077
LINC02306,0.0,-0.14253522,U91319.1,0.0,-0.28007585
TWIST1,0.0,0.10967013,SCML4,0.0,-0.08759793
OLAH,0.0,0.059470184,SEMA3F,0.0,-0.39047238
MIR17HG,0.0,0.09185487,USP18,0.0,-0.41135743
CATSPERB,0.0,-0.24566478,GALNT14,0.0,0.015021408
AC093817.2,0.0,-0.23075885,AP002784.1,0.0,-0.24874747
C3orf67,0.0,-0.021588963,LINC00243,0.0,-0.1548795
PRF1,0.0,-0.3540044,FHL5,0.0,-0.13793449
AC110809.1,0.0,-0.16151056,HOXB-AS1,0.0,-0.3812814
AC024230.1,0.0,-0.030408299,TRABD2A,0.0,-0.23554522
FMO3,0.0,-0.18306156,AC005264.1,0.0,-0.27971157
APOC4,0.0,-0.20905128,STON1-GTF2A1L,0.0,-0.057862636
KLRF1,0.0,-0.14147419,TRGC2,0.0,-0.24395892
SHLD3,0.0,-0.23457333,ZNF385C,0.0,-0.30726933
EDARADD,0.0,-0.34367,XXYLT1-AS2,0.0,-0.331492
CD6,0.0,-0.21140826,SCX,0.0,-0.13864191
CD200R1,0.0,-0.13449079,AC116345.1,0.0,-0.012883447
AQP9,0.0,-0.32878926,CALY,0.0,-0.11526886
AC093772.1,0.0,-0.21183856,DLX6-AS1,0.0,-0.20107341
AC087477.2,0.0,-0.18943402,SLAMF7,0.0,-0.26256672
F2R,0.0,-0.19330482,SHCBP1,0.0,-0.09554987
LINC00954,0.0,-0.06058789,FOXC2,0.0,-0.1868004
IL32,0.0,-0.0029735044,PKHD1L1,0.0,-0.06757098
NGF,0.0,-0.19395366,ZNF468,0.0,-0.09981665
IGFBP6,0.0,-0.22767723,AC108134.3,0.0,-0.19520506
PTGS2,0.0,-0.0899883,LINC01033,0.0,-0.1400199
DKK2,0.0,-0.1513731,CENPF,0.0,-0.23926982
DPP4,0.0,-0.03082169,PHACTR2-AS1,0.0,-0.25221008
MARCO,0.0,-0.24313839,RAB27B,0.0,-0.17620459
AC017028.1,0.0,0.015519786,SIRPD,0.0,-0.18208121
GZMB,0.0,-0.19221203,TBC1D10C,0.0,-0.06179599
AC093912.1,0.0,-0.1178118,SPTBN5,0.0,-0.18243904
NTRK1,0.0,-0.18481466,TLL1,0.0,-0.12794858
AC013265.1,0.0,0.01517845,IFNG-AS1,0.0,-0.12474391
EBF2,0.0,-0.17177165,RFLNB,0.0,-0.06595212
ELMO3,0.0,-0.08037943,FAM110D,0.0,-0.08897757
MYOCD,0.0,-0.104689926,MACC1,0.0,-0.06820177
TESPA1,0.0,-0.07990075,CNR1,0.0,-0.13813831
PRKG2,0.0,-0.045313224,ITPRIPL1,0.0,-0.17697017
NKILA,0.0,-0.05429651,AC015631.1,0.0,-0.061700862
LCK,0.0,-0.0068174493,LZTS1-AS1,0.0,-0.101227224
EFCC1,0.0,0.00092382217,SV2C,0.0,-0.018841494
LINC00326,0.0,0.11223034,GOLGA6L4,0.0,0.06299808
ADH1B,0.0,-0.12779588,AC092640.1,0.0,-0.11701264
LINC01208,0.0,0.087140426,AC010896.1,0.0,-0.068409786
SMIM25,0.0,-0.014990317,LINC01664,0.0,-0.07407947
AL117327.1,0.0,-0.06097696,FLT3,0.0,-0.054014463
IGHA1,0.0,0.2881193,SULT1B1,0.0,-0.0907115
AC006369.1,0.0,-0.078952625,RNF165,0.0,0.015402901
ANXA2R,0.0,-0.000599469,RIPK3,0.0,-0.13259669
PTGDR,0.0,-0.008950144,CFB,0.0,0.01124758
AF131215.5,0.0,0.05779576,ASGR2,0.0,0.0145869525
ZAP70,0.0,0.04656235,AP000676.5,0.0,-0.085607015
LINC02795,0.0,0.05449186,LINC00607,0.0,-0.121731676
IL1RAPL2,0.0,0.06786366,IGFBP3,0.0,0.029248245
LINC02133,0.0,0.0052563166,LY9,0.0,0.062702924
ZBP1,0.0,-0.037557393,TRGC1,0.0,-0.008256491
TRBC2,0.0,-0.055270128,JAML,0.0,0.027134066
TNNI2,0.0,0.034881435,FCMR,0.0,0.04051589
RTKN2,0.0,-0.09398584,CD28,0.0,0.045381993
AC243829.2,0.0,0.046020456,PCK1,0.0,0.068362944
AC090796.1,0.0,-0.035436817,CHRM3-AS2,0.0,0.006754538
